{"SHIBUSDT": 0.0073532278022628034, "PEPEUSDT": 0.01996013637358336, "WIFUSDT": 0.08802306908097403, "VIRTUALUSDT": 0.04617044400983395, "EIGENUSDT": 0.026802664460086164, "TRBUSDT": 0.014340822125362588}