{"SHIBUSDT": 0.010828744898232611, "PEPEUSDT": 0.060476711686704515, "WIFUSDT": 0.12723670771074866, "VIRTUALUSDT": 0.021075887048322257, "EIGENUSDT": 0.12550092203833055, "TRBUSDT": 0.03303754781551474}