{"SHIBUSDT": 0.009246112193599863, "PEPEUSDT": 0.030030269718432954, "WIFUSDT": 0.033705848150415614, "VIRTUALUSDT": 0.011188501715751371, "EIGENUSDT": 0.01943102054194687, "TRBUSDT": 0.041475867726814754}