{"SANDUSDT": 0.01748141759115451, "MANAUSDT": 0.012018079980123443, "AXSUSDT": 0.014160505607337765, "ENJUSDT": 0.04062808519584882, "CHZUSDT": 0.015015735164027516, "THETAUSDT": 0.013557244176710906, "FETUSDT": 0.0433330962026058, "WLDUSDT": 0.10545339666182005, "TAOUSDT": 0.1389375373146556, "GALAUSDT": 0.02550087375822315, "LDOUSDT": 0.12020292641128807, "TIAUSDT": 0.09830054542646731, "LPTUSDT": 0.06398198213562091, "ENAUSDT": 0.11067640011106981, "BATUSDT": 0.008341591499036271, "RVNUSDT": 0.20179460558167192, "ZECUSDT": 0.04306273750800549, "ZILUSDT": 0.012361604110043469, "DOGEUSDT": 0.024318822577888786, "TRUMPUSDT": 0.11775343250549238, "SHIBUSDT": 0.02785743104867851, "PEPEUSDT": 0.0400061172257878, "WIFUSDT": 0.15038579049055115, "VIRTUALUSDT": 0.1489186738928315, "EIGENUSDT": 0.16724429458292922, "TRBUSDT": 0.04978874014103768, "BONKUSDT": 0.08097149533449333, "FLOKIUSDT": 0.034529944381571934, "LUNCUSDT": 0.036646507829043495}