{"SANDUSDT": 0.02201370116139437, "MANAUSDT": 0.014104762684342983, "AXSUSDT": 0.05835965612669649, "ENJUSDT": 0.06286997700065876, "CHZUSDT": 0.010768328220308857, "THETAUSDT": 0.09152919697315448, "FETUSDT": 0.13475080227890784, "WLDUSDT": 0.13183117197416439, "TAOUSDT": 0.12740767892125848, "GALAUSDT": 0.024487157599479625, "LDOUSDT": 0.06648973857215588, "TIAUSDT": 0.08720033523762653, "LPTUSDT": 0.10915044090114732, "ENAUSDT": 0.10841270703491836, "BATUSDT": 0.05025058449996576, "RVNUSDT": 0.1933286999612982, "ZECUSDT": 0.04752604664528113, "ZILUSDT": 0.09560514869032867, "DOGEUSDT": 0.04910916731639214, "TRUMPUSDT": 0.059322577152224436, "SHIBUSDT": 0.03552669242036707, "PEPEUSDT": 0.15579039380748103, "WIFUSDT": 0.22629592539581747, "VIRTUALUSDT": 0.1027558036737271, "EIGENUSDT": 0.11206627739960662, "TRBUSDT": 0.07637024413595228, "BONKUSDT": 0.08852446098167067, "FLOKIUSDT": 0.0417112867803117, "LUNCUSDT": 0.002294840404870021}