{"SHIBUSDT": 0.07935009085441293, "PEPEUSDT": 0.08730306673502193, "WIFUSDT": 0.15986815620597725, "VIRTUALUSDT": 0.09340043023904054, "EIGENUSDT": 0.15018771715788842, "TRBUSDT": 0.048206531135174834, "BONKUSDT": 0.1016060136214562, "FLOKIUSDT": 0.09805065605557707, "LUNCUSDT": 0.024235419675769188}