{"SANDUSDT": 0.05820941816807598, "MANAUSDT": 0.06612082187976948, "AXSUSDT": 0.055760283909328905, "ENJUSDT": 0.07167534639594624, "CHZUSDT": 0.04569598945447723, "THETAUSDT": 0.15130978775518356, "FETUSDT": 0.17515672502847374, "WLDUSDT": 0.24321795385577846, "TAOUSDT": 0.1254452932500903, "GALAUSDT": 0.13614771176758778, "LDOUSDT": 0.14956899547046584, "TIAUSDT": 0.10521834734496623, "LPTUSDT": 0.0850951922781144, "ENAUSDT": 0.21159434545872627, "BATUSDT": 0.04741705628895975, "RVNUSDT": 0.2601676633535627, "ZECUSDT": 0.05058341768355858, "ZILUSDT": 0.08323045928459157, "DOGEUSDT": 0.10634012436677755, "TRUMPUSDT": 0.06441214540554337, "SHIBUSDT": 0.1074636024453108, "PEPEUSDT": 0.20680470955533, "WIFUSDT": 0.22346863155930669, "VIRTUALUSDT": 0.22840840337249307, "EIGENUSDT": 0.15624703825695052, "TRBUSDT": 0.12115558850629174, "BONKUSDT": 0.2084888886985593, "FLOKIUSDT": 0.10247609903337965, "LUNCUSDT": 0.02900035970938266}