{"SHIBUSDT": 0.007721267641577023, "PEPEUSDT": 0.04666982405533501, "WIFUSDT": 0.1367500723953549, "VIRTUALUSDT": 0.04182272362997665, "EIGENUSDT": 0.032185911636775755, "TRBUSDT": 0.05136663454834702}