{"SANDUSDT": 0.022550807505604883, "MANAUSDT": 0.016716331477606206, "AXSUSDT": 0.06742746594123646, "ENJUSDT": 0.11104835267029588, "CHZUSDT": 0.017337166617493096, "THETAUSDT": 0.11895067279865952, "FETUSDT": 0.17961784800971745, "WLDUSDT": 0.20363015560065603, "TAOUSDT": 0.14638903066295134, "GALAUSDT": 0.055658071168878734, "LDOUSDT": 0.1019233976445095, "TIAUSDT": 0.09073137734898816, "LPTUSDT": 0.1114488712030047, "ENAUSDT": 0.11809737812999545, "BATUSDT": 0.04261884972427038, "RVNUSDT": 0.11470627924750457, "ZECUSDT": 0.04879235779126504, "ZILUSDT": 0.06111666126904215, "DOGEUSDT": 0.06017584103553643, "TRUMPUSDT": 0.08865246530868891, "SHIBUSDT": 0.0865409934529854, "PEPEUSDT": 0.15775151130167955, "WIFUSDT": 0.237102968572573, "VIRTUALUSDT": 0.16968456112630376, "EIGENUSDT": 0.12901340879117176, "TRBUSDT": 0.17058165059856065, "BONKUSDT": 0.1071847986517088, "FLOKIUSDT": 0.03699473956164811, "LUNCUSDT": 0.004576918614016403}