{"SANDUSDT": 0.06909858844571795, "MANAUSDT": 0.04664816238206537, "AXSUSDT": 0.04474859853523452, "ENJUSDT": 0.11172812257275477, "CHZUSDT": 0.09390331404719997, "THETAUSDT": 0.1432613484942964, "FETUSDT": 0.19545198050093943, "WLDUSDT": 0.26514276100120143, "TAOUSDT": 0.11785074785262571, "GALAUSDT": 0.0894103931769671, "LDOUSDT": 0.15998558153389078, "TIAUSDT": 0.10251452603676581, "LPTUSDT": 0.11928967705101397, "ENAUSDT": 0.15930062985626844, "BATUSDT": 0.0797178652707845, "RVNUSDT": 0.25362342138387983, "ZECUSDT": 0.10379978482784322, "ZILUSDT": 0.10552064604972163, "DOGEUSDT": 0.09170141564594052, "TRUMPUSDT": 0.11697060965151417, "SHIBUSDT": 0.1010148796110314, "PEPEUSDT": 0.21028021030599128, "WIFUSDT": 0.20469480529185005, "VIRTUALUSDT": 0.21480833956897114, "EIGENUSDT": 0.21946671045511312, "TRBUSDT": 0.12864345462851096, "BONKUSDT": 0.20832308237233269, "FLOKIUSDT": 0.13042189079210148, "LUNCUSDT": 0.019308341840157076}