{"SHIBUSDT": 0.012519994225893082, "PEPEUSDT": 0.04286158457651018, "WIFUSDT": 0.10340635210288553, "VIRTUALUSDT": 0.030802483248467533, "EIGENUSDT": 0.04498221999969087, "TRBUSDT": 0.023393295814811612}