{"SHIBUSDT": 0.0331995301696641, "PEPEUSDT": 0.17987009485365615, "WIFUSDT": 0.16773908369750407, "VIRTUALUSDT": 0.11820400127322898, "EIGENUSDT": 0.21674674521663403, "TRBUSDT": 0.10710470376646056, "BONKUSDT": 0.10244662299836711, "FLOKIUSDT": 0.08018662607845102, "LUNCUSDT": 0.011701144948781312}