{"SANDUSDT": 0.01977897662458798, "MANAUSDT": 0.023842593183229465, "AXSUSDT": 0.014144845989038795, "ENJUSDT": 0.05612128698010376, "CHZUSDT": 0.04912879824943092, "THETAUSDT": 0.0783283121138286, "FETUSDT": 0.04230112788125665, "WLDUSDT": 0.1052009648973678, "TAOUSDT": 0.08408566915927465, "GALAUSDT": 0.048172852577384996, "LDOUSDT": 0.12123625346792814, "TIAUSDT": 0.06169897051386884, "LPTUSDT": 0.053897195878014156, "ENAUSDT": 0.033744362999842265, "BATUSDT": 0.033720077253069754, "RVNUSDT": 0.3004116937289541, "ZECUSDT": 0.032754474072251204, "ZILUSDT": 0.01390855258933302, "DOGEUSDT": 0.08918190585792021, "TRUMPUSDT": 0.06252832578005672, "SHIBUSDT": 0.04632985734244226, "PEPEUSDT": 0.06305981563081825, "WIFUSDT": 0.06895167345065456, "VIRTUALUSDT": 0.17229798640734048, "EIGENUSDT": 0.18946557448541917, "TRBUSDT": 0.02179931002687212, "BONKUSDT": 0.1415487260554811, "FLOKIUSDT": 0.04725366469707085, "LUNCUSDT": 0.03780284334788707}