{"SANDUSDT": 0.045377260245679084, "MANAUSDT": 0.015596771848155137, "AXSUSDT": 0.10601217562061133, "ENJUSDT": 0.07650534297669785, "CHZUSDT": 0.019558937419630322, "THETAUSDT": 0.0860973193819481, "FETUSDT": 0.1870020415531756, "WLDUSDT": 0.21879910331186328, "TAOUSDT": 0.11643418505252777, "GALAUSDT": 0.0508848913790067, "LDOUSDT": 0.14230578256798304, "TIAUSDT": 0.07853193885299567, "LPTUSDT": 0.14392827833083072, "ENAUSDT": 0.08786132961369823, "BATUSDT": 0.051199275068122906, "RVNUSDT": 0.18288387207733237, "ZECUSDT": 0.06520637621044197, "ZILUSDT": 0.10905569834755927, "DOGEUSDT": 0.06528941681772805, "TRUMPUSDT": 0.11782714803481627, "SHIBUSDT": 0.09048952244667958, "PEPEUSDT": 0.1696766086211057, "WIFUSDT": 0.18287867479032033, "VIRTUALUSDT": 0.14364279101923735, "EIGENUSDT": 0.1391435611177808, "TRBUSDT": 0.17819949826043402, "BONKUSDT": 0.11677343804158, "FLOKIUSDT": 0.09680087453966299, "LUNCUSDT": 0.0030636905162479276}