{"SANDUSDT": 0.019738979286532444, "MANAUSDT": 0.021035651200928318, "AXSUSDT": 0.016916214608870803, "ENJUSDT": 0.06159163093974637, "CHZUSDT": 0.022491796948887144, "THETAUSDT": 0.08946993282931516, "FETUSDT": 0.043795647108507176, "WLDUSDT": 0.11109064291966533, "TAOUSDT": 0.0859189392022494, "GALAUSDT": 0.046929237257712975, "LDOUSDT": 0.06433522881830488, "TIAUSDT": 0.047647225185461724, "LPTUSDT": 0.06281687485938058, "ENAUSDT": 0.05148707250251789, "BATUSDT": 0.02237126930245917, "RVNUSDT": 0.27719567752051105, "ZECUSDT": 0.018006183918504098, "ZILUSDT": 0.01797382046078374, "DOGEUSDT": 0.08261376561231615, "TRUMPUSDT": 0.06693686714136009, "SHIBUSDT": 0.04017547766512094, "PEPEUSDT": 0.08978680684230893, "WIFUSDT": 0.061026257008609995, "VIRTUALUSDT": 0.17493658596305245, "EIGENUSDT": 0.1712722547345154, "TRBUSDT": 0.03648078019258781, "BONKUSDT": 0.12683289221112226, "FLOKIUSDT": 0.0603400344439542, "LUNCUSDT": 0.03451000777953426}