{"SHIBUSDT": 0.0033425476783831847, "PEPEUSDT": 0.018153234534069553, "WIFUSDT": 0.1809537524956931, "VIRTUALUSDT": 0.04338290577782199, "EIGENUSDT": 0.05577413439545897, "TRBUSDT": 0.2506793496380202}