{"SANDUSDT": 0.014357882610826473, "MANAUSDT": 0.02589921028186545, "AXSUSDT": 0.01691894986588712, "ENJUSDT": 0.06829510601515255, "CHZUSDT": 0.03307032884173967, "THETAUSDT": 0.11891096114487663, "FETUSDT": 0.06035030294767088, "WLDUSDT": 0.12192264685294911, "TAOUSDT": 0.05940411619572993, "GALAUSDT": 0.031384890118148843, "LDOUSDT": 0.07152672341194925, "TIAUSDT": 0.05784623821177269, "LPTUSDT": 0.06032447771244194, "ENAUSDT": 0.0713897300795037, "BATUSDT": 0.025606421050757295, "RVNUSDT": 0.205404438407507, "ZECUSDT": 0.05735295597342679, "ZILUSDT": 0.03789501243716209, "DOGEUSDT": 0.036249352124598656, "TRUMPUSDT": 0.09409783081156257, "SHIBUSDT": 0.05272908169125586, "PEPEUSDT": 0.09066089953359031, "WIFUSDT": 0.09956993882434895, "VIRTUALUSDT": 0.19179394970059593, "EIGENUSDT": 0.19153934383561425, "TRBUSDT": 0.06359519517315314, "BONKUSDT": 0.10857210059121722, "FLOKIUSDT": 0.08912889977385974, "LUNCUSDT": 0.02143298889966026}