{"SHIBUSDT": 0.008712519906406702, "PEPEUSDT": 0.037500894903258225, "WIFUSDT": 0.07526668437428762, "VIRTUALUSDT": 0.08294312892096312, "EIGENUSDT": 0.03758077460657806, "TRBUSDT": 0.013473949133278887}