{"SHIBUSDT": 0.0025248920870185056, "PEPEUSDT": 0.02654909488821026, "WIFUSDT": 0.03339379543658311, "VIRTUALUSDT": 0.07597829110020983, "EIGENUSDT": 0.010623517398645864, "TRBUSDT": 0.011285977352341072}