{"SHIBUSDT": 0.0203448387475479, "PEPEUSDT": 0.06514827801329316, "WIFUSDT": 0.15975939416368345, "VIRTUALUSDT": 0.13808057148927477, "EIGENUSDT": 0.18587316249567248, "TRBUSDT": 0.08867249111532684}