{"SHIBUSDT": 0.006159263709560427, "PEPEUSDT": 0.012294468658976359, "WIFUSDT": 0.14802251034230166, "VIRTUALUSDT": 0.04280813576005392, "EIGENUSDT": 0.04624903210555667, "TRBUSDT": 0.24079708606437014}