{"SHIBUSDT": 0.02016628352552775, "PEPEUSDT": 0.10332024240334008, "WIFUSDT": 0.14895863955286995, "VIRTUALUSDT": 0.12515098799147412, "EIGENUSDT": 0.1782160817337276, "TRBUSDT": 0.1157747625261949}