{"SANDUSDT": 0.04226270471143411, "MANAUSDT": 0.050762670230106055, "AXSUSDT": 0.025017770258969445, "ENJUSDT": 0.10561380373786466, "CHZUSDT": 0.04423007414164668, "THETAUSDT": 0.08768205280693527, "FETUSDT": 0.13219288719215616, "WLDUSDT": 0.14328554621826162, "TAOUSDT": 0.18852651350883978, "GALAUSDT": 0.015391092059327286, "LDOUSDT": 0.06412174142979792, "TIAUSDT": 0.07196888357397137, "LPTUSDT": 0.09166945946893025, "ENAUSDT": 0.12773736525588927, "BATUSDT": 0.041130937068096965, "RVNUSDT": 0.343057146267409, "ZECUSDT": 0.021720178515944086, "ZILUSDT": 0.042699715864723806, "DOGEUSDT": 0.07629499840796823, "TRUMPUSDT": 0.04185847612699638, "SHIBUSDT": 0.03744189364784641, "PEPEUSDT": 0.16158843127166408, "WIFUSDT": 0.24159965346048048, "VIRTUALUSDT": 0.1738636868879693, "EIGENUSDT": 0.19222135195306303, "TRBUSDT": 0.055636354890316105, "BONKUSDT": 0.09187606288688585, "FLOKIUSDT": 0.0503999321231211, "LUNCUSDT": 0.00458735816894625}