{"SANDUSDT": 0.07065153221551822, "MANAUSDT": 0.0890661157911049, "AXSUSDT": 0.03830750970417715, "ENJUSDT": 0.10109644061915968, "CHZUSDT": 0.06321190594493939, "THETAUSDT": 0.1402913968045697, "FETUSDT": 0.0799106566943607, "WLDUSDT": 0.13966872587265255, "TAOUSDT": 0.1364217896620324, "GALAUSDT": 0.06764485669838319, "LDOUSDT": 0.12300369160966433, "TIAUSDT": 0.095590289678486, "LPTUSDT": 0.09434431884684868, "ENAUSDT": 0.09683216791583653, "BATUSDT": 0.037903358311611714, "RVNUSDT": 0.23165428184876477, "ZECUSDT": 0.183674071053659, "ZILUSDT": 0.03421574185212411, "DOGEUSDT": 0.07774852643788682, "TRUMPUSDT": 0.12680077229770523, "SHIBUSDT": 0.029554909981832224, "PEPEUSDT": 0.12820771538276166, "WIFUSDT": 0.19838593769937507, "VIRTUALUSDT": 0.34100827839011016, "EIGENUSDT": 0.2138540452479376, "TRBUSDT": 0.1687449529157765, "BONKUSDT": 0.1865798541149557, "FLOKIUSDT": 0.12297455891308805, "LUNCUSDT": 0.06467751861627334}