{"SANDUSDT": 0.08981368763875135, "MANAUSDT": 0.07131838345000485, "AXSUSDT": 0.11813690256223586, "ENJUSDT": 0.1607746443806055, "CHZUSDT": 0.0608322610724168, "THETAUSDT": 0.15674777616644633, "FETUSDT": 0.18420367124727552, "WLDUSDT": 0.21990986969017215, "TAOUSDT": 0.18384961377606404, "GALAUSDT": 0.15755247641502015, "LDOUSDT": 0.16568706143495587, "TIAUSDT": 0.1507496319848538, "LPTUSDT": 0.12157996510006366, "ENAUSDT": 0.15044743557958093, "BATUSDT": 0.11066921338479498, "RVNUSDT": 0.21811392808265992, "ZECUSDT": 0.06143397681496446, "ZILUSDT": 0.08174513370577988, "DOGEUSDT": 0.15844256983720922, "TRUMPUSDT": 0.1449268878423882, "SHIBUSDT": 0.11325428823221001, "PEPEUSDT": 0.1698505506790777, "WIFUSDT": 0.2263609313049755, "VIRTUALUSDT": 0.22901619929597805, "EIGENUSDT": 0.1974165208461657, "TRBUSDT": 0.11573500406411026, "BONKUSDT": 0.22109816497920018, "FLOKIUSDT": 0.1781767391392602, "LUNCUSDT": 0.06739349918278613}