{"SANDUSDT": 0.0425759107987058, "MANAUSDT": 0.016929273797489854, "AXSUSDT": 0.1058520355812361, "ENJUSDT": 0.0772288662515718, "CHZUSDT": 0.024018004456378184, "THETAUSDT": 0.09138233722538144, "FETUSDT": 0.1879593959073012, "WLDUSDT": 0.20225373510979971, "TAOUSDT": 0.11939696047222148, "GALAUSDT": 0.05806653665505244, "LDOUSDT": 0.1360878319495596, "TIAUSDT": 0.08083853532592249, "LPTUSDT": 0.1311985874229161, "ENAUSDT": 0.08331352642221267, "BATUSDT": 0.062065296031006315, "RVNUSDT": 0.1998351801625205, "ZECUSDT": 0.060257953887234705, "ZILUSDT": 0.11678878970963301, "DOGEUSDT": 0.0651199879545777, "TRUMPUSDT": 0.1177738155591321, "SHIBUSDT": 0.07082066108185882, "PEPEUSDT": 0.15325611214819004, "WIFUSDT": 0.13609021097715648, "VIRTUALUSDT": 0.1718221872447088, "EIGENUSDT": 0.12042778026805114, "TRBUSDT": 0.15231973978921184, "BONKUSDT": 0.11593644012877281, "FLOKIUSDT": 0.08853738389313211, "LUNCUSDT": 0.003538345934507945}