{"SHIBUSDT": 0.014055345703355128, "PEPEUSDT": 0.054443270622720606, "WIFUSDT": 0.1200457372191922, "VIRTUALUSDT": 0.023207895907635185, "EIGENUSDT": 0.1293079237918119, "TRBUSDT": 0.03524108701626958}