{"SANDUSDT": 0.03376044530579912, "MANAUSDT": 0.022602392204982145, "AXSUSDT": 0.01457976233619987, "ENJUSDT": 0.048776514013129324, "CHZUSDT": 0.023664649982338817, "THETAUSDT": 0.07250583428318151, "FETUSDT": 0.1834353116717986, "WLDUSDT": 0.10803340261929241, "TAOUSDT": 0.18435976976183002, "GALAUSDT": 0.03955793472609807, "LDOUSDT": 0.0845517462811656, "TIAUSDT": 0.08023077881853002, "LPTUSDT": 0.10133214966216454, "ENAUSDT": 0.14486173681401324, "BATUSDT": 0.02045340373925886, "RVNUSDT": 0.1038670153599912, "ZECUSDT": 0.058560619680592334, "ZILUSDT": 0.010226538539052645, "DOGEUSDT": 0.042882851070261914, "TRUMPUSDT": 0.10111518748730733, "SHIBUSDT": 0.04177463217842485, "PEPEUSDT": 0.13292223370210454, "WIFUSDT": 0.17256666160063278, "VIRTUALUSDT": 0.19932368310484466, "EIGENUSDT": 0.18529247222872436, "TRBUSDT": 0.05323977246595759, "BONKUSDT": 0.08865475190117768, "FLOKIUSDT": 0.0337634833691028, "LUNCUSDT": 0.014802108014955495}