{"SHIBUSDT": 0.008962283437191285, "PEPEUSDT": 0.0955839568874129, "WIFUSDT": 0.1049837944726387, "VIRTUALUSDT": 0.04649868369803261, "EIGENUSDT": 0.03387299389385115, "TRBUSDT": 0.017950876685940597}