{"SHIBUSDT": 0.009422458507567509, "PEPEUSDT": 0.0472056188732401, "WIFUSDT": 0.1009595983502568, "VIRTUALUSDT": 0.030368136141704517, "EIGENUSDT": 0.04700319992262587, "TRBUSDT": 0.028606536824415035}