{"SHIBUSDT": 0.016148652396803295, "PEPEUSDT": 0.058779996921384754, "WIFUSDT": 0.10918294018754508, "VIRTUALUSDT": 0.023065161992497172, "EIGENUSDT": 0.1519540793344119, "TRBUSDT": 0.03868155304044676}