{"SHIBUSDT": 0.003609988842970138, "PEPEUSDT": 0.01491928778414215, "WIFUSDT": 0.02202770335454158, "VIRTUALUSDT": 0.01884132993612046, "EIGENUSDT": 0.017081753620548187, "TRBUSDT": 0.03127970588856302}