{"SANDUSDT": 0.023262281508467715, "MANAUSDT": 0.019255162520053614, "AXSUSDT": 0.023121076831147173, "ENJUSDT": 0.04402108639625422, "CHZUSDT": 0.02123889491040936, "THETAUSDT": 0.03481163621778237, "FETUSDT": 0.06772825709054946, "WLDUSDT": 0.13066068518922835, "TAOUSDT": 0.10775642348860913, "GALAUSDT": 0.03368396444806816, "LDOUSDT": 0.0692075536813854, "TIAUSDT": 0.09440454822866372, "LPTUSDT": 0.040637121360862595, "ENAUSDT": 0.06748229933295945, "BATUSDT": 0.01416039420716224, "RVNUSDT": 0.2843664569237351, "ZECUSDT": 0.04791893872719453, "ZILUSDT": 0.019796048793975396, "DOGEUSDT": 0.02555883004549723, "TRUMPUSDT": 0.13000527013102378, "SHIBUSDT": 0.038844461484395874, "PEPEUSDT": 0.04660522858636325, "WIFUSDT": 0.10679022677340766, "VIRTUALUSDT": 0.15964929356343047, "EIGENUSDT": 0.17034990519934626, "TRBUSDT": 0.03736095561052222, "BONKUSDT": 0.05855736014158095, "FLOKIUSDT": 0.06519911083510999, "LUNCUSDT": 0.021788150003877564}