{"SHIBUSDT": 0.004266633929616688, "PEPEUSDT": 0.013813759797735081, "WIFUSDT": 0.03331432153208691, "VIRTUALUSDT": 0.02418577384147342, "EIGENUSDT": 0.015683687491460936, "TRBUSDT": 0.012007085651565134}