{"SANDUSDT": 0.06314669153214722, "MANAUSDT": 0.041989265636553225, "AXSUSDT": 0.01913252280206239, "ENJUSDT": 0.10004294479905466, "CHZUSDT": 0.07194043696502672, "THETAUSDT": 0.13714707353973868, "FETUSDT": 0.18311795520806184, "WLDUSDT": 0.22290042318477055, "TAOUSDT": 0.09927175256644348, "GALAUSDT": 0.07402645539509244, "LDOUSDT": 0.18054070478443734, "TIAUSDT": 0.12955432051541188, "LPTUSDT": 0.08545529436836194, "ENAUSDT": 0.17374507518189677, "BATUSDT": 0.03465918016652393, "RVNUSDT": 0.34907425328769703, "ZECUSDT": 0.05956695963528811, "ZILUSDT": 0.0647227299799717, "DOGEUSDT": 0.07305910110891342, "TRUMPUSDT": 0.11094691109958424, "SHIBUSDT": 0.09472890605256429, "PEPEUSDT": 0.21311523354236092, "WIFUSDT": 0.2602597431963311, "VIRTUALUSDT": 0.22808523511723247, "EIGENUSDT": 0.17121436755061145, "TRBUSDT": 0.1285985872701183, "BONKUSDT": 0.213157107996899, "FLOKIUSDT": 0.13004259172852112, "LUNCUSDT": 0.03803126322813304}