{"SHIBUSDT": 0.02308713106735005, "PEPEUSDT": 0.07305194445070821, "WIFUSDT": 0.10126189004455867, "VIRTUALUSDT": 0.11826423116753355, "EIGENUSDT": 0.07459180462381322, "TRBUSDT": 0.05905921301792156, "BONKUSDT": 0.07874521916531417, "FLOKIUSDT": 0.033751686838097636, "LUNCUSDT": 0.023247681728653897}