{"SANDUSDT": 0.07144019529007209, "MANAUSDT": 0.050076483906678744, "AXSUSDT": 0.022555725526638863, "ENJUSDT": 0.08010715306906299, "CHZUSDT": 0.07820439921670128, "THETAUSDT": 0.12765825592684074, "FETUSDT": 0.21416336757123283, "WLDUSDT": 0.18760955048228242, "TAOUSDT": 0.10587528031431424, "GALAUSDT": 0.09162046309560144, "LDOUSDT": 0.1712005015592339, "TIAUSDT": 0.1316472527471276, "LPTUSDT": 0.09474853142289606, "ENAUSDT": 0.15454047366747287, "BATUSDT": 0.06001068707150492, "RVNUSDT": 0.32778899839871084, "ZECUSDT": 0.05398939763963104, "ZILUSDT": 0.1251348249714341, "DOGEUSDT": 0.07318534308498768, "TRUMPUSDT": 0.11067092621022387, "SHIBUSDT": 0.1077220382483205, "PEPEUSDT": 0.19433949121894878, "WIFUSDT": 0.22983933000601245, "VIRTUALUSDT": 0.15483512892683352, "EIGENUSDT": 0.17144096303802164, "TRBUSDT": 0.14044555380822954, "BONKUSDT": 0.17867232433602323, "FLOKIUSDT": 0.11093270688296668, "LUNCUSDT": 0.044530267404390055}