{"SHIBUSDT": 0.017843411331396084, "PEPEUSDT": 0.11718657678870219, "WIFUSDT": 0.11585622010946792, "VIRTUALUSDT": 0.07476989911374322, "EIGENUSDT": 0.12881830673570352, "TRBUSDT": 0.04911518578338023}