{"SANDUSDT": 0.031032030441121235, "MANAUSDT": 0.014943890709637102, "AXSUSDT": 0.012617872302383152, "ENJUSDT": 0.03722059480610057, "CHZUSDT": 0.011902864755337835, "THETAUSDT": 0.059247638289343596, "FETUSDT": 0.2486382775928233, "WLDUSDT": 0.12429343816685656, "TAOUSDT": 0.10632783516724013, "GALAUSDT": 0.03147308382937249, "LDOUSDT": 0.09811463024461801, "TIAUSDT": 0.04913869673684289, "LPTUSDT": 0.08460865129058655, "ENAUSDT": 0.1334981278430867, "BATUSDT": 0.03808238497848796, "RVNUSDT": 0.17860390434354995, "ZECUSDT": 0.02044161764692822, "ZILUSDT": 0.007099387677736421, "DOGEUSDT": 0.03546939251915884, "TRUMPUSDT": 0.15260696602169319, "SHIBUSDT": 0.07095426456485293, "PEPEUSDT": 0.09047006148410909, "WIFUSDT": 0.16317094080038563, "VIRTUALUSDT": 0.13160074155379647, "EIGENUSDT": 0.24979923395940312, "TRBUSDT": 0.03521856311085801, "BONKUSDT": 0.13299011212834397, "FLOKIUSDT": 0.017312492878336475, "LUNCUSDT": 0.008403745186507225}