{"SHIBUSDT": 0.054188267082336254, "PEPEUSDT": 0.13462269049998088, "WIFUSDT": 0.11502745789584422, "VIRTUALUSDT": 0.07578757751910106, "EIGENUSDT": 0.17194151488175657, "TRBUSDT": 0.08484500121749938, "BONKUSDT": 0.10767339190162678, "FLOKIUSDT": 0.08200203745599213, "LUNCUSDT": 0.03192019190820754}