{"SHIBUSDT": 0.020509363109635435, "PEPEUSDT": 0.09610511525341134, "WIFUSDT": 0.14752177121501978, "VIRTUALUSDT": 0.12769743794206154, "EIGENUSDT": 0.07149229980676937, "TRBUSDT": 0.15867454524868466, "BONKUSDT": 0.10966802258554252, "FLOKIUSDT": 0.04022657563205615, "LUNCUSDT": 0.039766375131129024}