{"SHIBUSDT": 0.009507071715948867, "PEPEUSDT": 0.022253630975777282, "WIFUSDT": 0.025783897788118695, "VIRTUALUSDT": 0.016529459940776543, "EIGENUSDT": 0.026135477136498563, "TRBUSDT": 0.07233432275540996}