{"SANDUSDT": 0.050903205302167624, "MANAUSDT": 0.06917780624139959, "AXSUSDT": 0.04328380272834903, "ENJUSDT": 0.07219781005945625, "CHZUSDT": 0.051560446155679, "THETAUSDT": 0.13466394304261428, "FETUSDT": 0.07022310690496794, "WLDUSDT": 0.12114626216270735, "TAOUSDT": 0.08422387641503136, "GALAUSDT": 0.09970882650907567, "LDOUSDT": 0.10803654428003048, "TIAUSDT": 0.06932686866908079, "LPTUSDT": 0.08022773550995807, "ENAUSDT": 0.1142514373552224, "BATUSDT": 0.039552506372684294, "RVNUSDT": 0.20062766266165696, "ZECUSDT": 0.07359152230835576, "ZILUSDT": 0.05213953252867758, "DOGEUSDT": 0.12021662936001869, "TRUMPUSDT": 0.11416290528094077, "SHIBUSDT": 0.05071207254384317, "PEPEUSDT": 0.12153655393763567, "WIFUSDT": 0.20179490188606664, "VIRTUALUSDT": 0.2536804630049979, "EIGENUSDT": 0.19181145679775893, "TRBUSDT": 0.10442113638543814, "BONKUSDT": 0.1295090368545733, "FLOKIUSDT": 0.09492603551916404, "LUNCUSDT": 0.03153733791752844}