{"SHIBUSDT": 0.0032010756883874953, "PEPEUSDT": 0.009239164547321708, "WIFUSDT": 0.03312197348829778, "VIRTUALUSDT": 0.08984173013010355, "EIGENUSDT": 0.019069261054495305, "TRBUSDT": 0.02164209129585113}