{"SHIBUSDT": 0.0171462020318075, "PEPEUSDT": 0.03245769604807184, "WIFUSDT": 0.08977489584894968, "VIRTUALUSDT": 0.06152428852928135, "EIGENUSDT": 0.022654664935654652, "TRBUSDT": 0.15807307164252818}