{"SHIBUSDT": 0.0040836092541178285, "PEPEUSDT": 0.029866044109880748, "WIFUSDT": 0.03654668342462881, "VIRTUALUSDT": 0.01911480341035914, "EIGENUSDT": 0.015804802884783788, "TRBUSDT": 0.019397336583523443}