{"SANDUSDT": 0.021230302591294065, "MANAUSDT": 0.02227747425210798, "AXSUSDT": 0.012250498327138976, "ENJUSDT": 0.08225338694128444, "CHZUSDT": 0.020271470320291397, "THETAUSDT": 0.09527638442720411, "FETUSDT": 0.05550799961852612, "WLDUSDT": 0.11123123642312296, "TAOUSDT": 0.08789091025493971, "GALAUSDT": 0.03992268926094919, "LDOUSDT": 0.07966136686896733, "TIAUSDT": 0.044818425847031156, "LPTUSDT": 0.08372735854409386, "ENAUSDT": 0.04768004633954429, "BATUSDT": 0.021444713167887566, "RVNUSDT": 0.27573618775813763, "ZECUSDT": 0.01300959810926352, "ZILUSDT": 0.02051794719060739, "DOGEUSDT": 0.08384541848763845, "TRUMPUSDT": 0.038818243323180346, "SHIBUSDT": 0.03771976765684026, "PEPEUSDT": 0.07810028529375532, "WIFUSDT": 0.058720952917163116, "VIRTUALUSDT": 0.19095824505322054, "EIGENUSDT": 0.09193409798441009, "TRBUSDT": 0.04485238719958675, "BONKUSDT": 0.12426665023282783, "FLOKIUSDT": 0.045984631622708674, "LUNCUSDT": 0.03783950887358008}