{"SHIBUSDT": 0.026438810666764904, "PEPEUSDT": 0.06575858233620545, "WIFUSDT": 0.14813335406977923, "VIRTUALUSDT": 0.20916542687665748, "EIGENUSDT": 0.2523952154200339, "TRBUSDT": 0.17984202521752043}