{"SANDUSDT": 0.04075968505412186, "MANAUSDT": 0.0215584324247489, "AXSUSDT": 0.020980551942041705, "ENJUSDT": 0.043505241652755246, "CHZUSDT": 0.02235451850442418, "THETAUSDT": 0.04167838625804609, "FETUSDT": 0.25264351694722437, "WLDUSDT": 0.09757314865514315, "TAOUSDT": 0.14213818227769925, "GALAUSDT": 0.049878150391019845, "LDOUSDT": 0.12198975033754156, "TIAUSDT": 0.047062458730939824, "LPTUSDT": 0.03171821771835298, "ENAUSDT": 0.21497704721055014, "BATUSDT": 0.03255822191040759, "RVNUSDT": 0.1749672700552017, "ZECUSDT": 0.041888509808213986, "ZILUSDT": 0.004449615409494772, "DOGEUSDT": 0.026169980950739642, "TRUMPUSDT": 0.10433572336990263, "SHIBUSDT": 0.06994836446587849, "PEPEUSDT": 0.09816740803981305, "WIFUSDT": 0.17114156782933904, "VIRTUALUSDT": 0.18257108524208127, "EIGENUSDT": 0.14635615324083237, "TRBUSDT": 0.07916017052141677, "BONKUSDT": 0.13793322384841114, "FLOKIUSDT": 0.06752789620133784, "LUNCUSDT": 0.0151303530438471}