{"SHIBUSDT": 0.012557289407551568, "PEPEUSDT": 0.05416540197939797, "WIFUSDT": 0.06639539152086948, "VIRTUALUSDT": 0.20469252667591037, "EIGENUSDT": 0.2359551335190589, "TRBUSDT": 0.21103003919227076}