{"SHIBUSDT": 0.005130758283991318, "PEPEUSDT": 0.025868955679165823, "WIFUSDT": 0.034465153134944526, "VIRTUALUSDT": 0.0117756116687747, "EIGENUSDT": 0.015475784120097511, "TRBUSDT": 0.0552578947554142}