{"SANDUSDT": 0.043692174032657835, "MANAUSDT": 0.04319213377838537, "AXSUSDT": 0.042812663746275216, "ENJUSDT": 0.1020252704134688, "CHZUSDT": 0.046648603775432035, "THETAUSDT": 0.07405541102224072, "FETUSDT": 0.15633506528118915, "WLDUSDT": 0.13460461274048796, "TAOUSDT": 0.19973648285067122, "GALAUSDT": 0.02036139139381422, "LDOUSDT": 0.07943924784515854, "TIAUSDT": 0.07879609894833017, "LPTUSDT": 0.06492449238949331, "ENAUSDT": 0.1578589431989203, "BATUSDT": 0.04393302542670318, "RVNUSDT": 0.3425177659647942, "ZECUSDT": 0.02077555672750201, "ZILUSDT": 0.048606760405941675, "DOGEUSDT": 0.07125741998356605, "TRUMPUSDT": 0.039030025022823565, "SHIBUSDT": 0.05145360891530621, "PEPEUSDT": 0.1252586856831124, "WIFUSDT": 0.1904794203450387, "VIRTUALUSDT": 0.18313246043911266, "EIGENUSDT": 0.1878741425517962, "TRBUSDT": 0.06371434047010074, "BONKUSDT": 0.12488375638468868, "FLOKIUSDT": 0.08040202501131405, "LUNCUSDT": 0.010725316833253892}