{"SANDUSDT": 0.046137396269347666, "MANAUSDT": 0.0494956696851838, "AXSUSDT": 0.07684200479998583, "ENJUSDT": 0.07865202819889204, "CHZUSDT": 0.042661536226325764, "THETAUSDT": 0.05705616690289911, "FETUSDT": 0.08377030278770374, "WLDUSDT": 0.15178119719679223, "TAOUSDT": 0.12446970628126117, "GALAUSDT": 0.08811353933097767, "LDOUSDT": 0.1225960750534988, "TIAUSDT": 0.06842090106962234, "LPTUSDT": 0.03193689335670212, "ENAUSDT": 0.1262385148084895, "BATUSDT": 0.06054190627526922, "RVNUSDT": 0.07590065911899176, "ZECUSDT": 0.06290562443255299, "ZILUSDT": 0.042355555332580064, "DOGEUSDT": 0.10719318468383046, "TRUMPUSDT": 0.04766373468412377, "SHIBUSDT": 0.09067612436453594, "PEPEUSDT": 0.14645893223288958, "WIFUSDT": 0.1000417217805822, "VIRTUALUSDT": 0.1944933008883714, "EIGENUSDT": 0.10019142677430865, "TRBUSDT": 0.08369281800987027, "BONKUSDT": 0.16456634269898246, "FLOKIUSDT": 0.13884216189635412, "LUNCUSDT": 0.046972890777628826}