{"SANDUSDT": 0.1278476749545758, "MANAUSDT": 0.07939913084864277, "AXSUSDT": 0.08459546494222177, "ENJUSDT": 0.17750155368389434, "CHZUSDT": 0.11557229422940453, "THETAUSDT": 0.22892382764352165, "FETUSDT": 0.19156738074049687, "WLDUSDT": 0.2935857581313105, "TAOUSDT": 0.16281980550980973, "GALAUSDT": 0.09216588322100805, "LDOUSDT": 0.12306435187420325, "TIAUSDT": 0.16122871635094305, "LPTUSDT": 0.10874042789572853, "ENAUSDT": 0.24567906093181285, "BATUSDT": 0.11392012760508413, "RVNUSDT": 0.2006298408251999, "ZECUSDT": 0.06922517510671518, "ZILUSDT": 0.08200887244837299, "DOGEUSDT": 0.16001118865131164, "TRUMPUSDT": 0.12251324328216356, "SHIBUSDT": 0.11145928482887185, "PEPEUSDT": 0.21062117120891743, "WIFUSDT": 0.22552648670462888, "VIRTUALUSDT": 0.22098517769156395, "EIGENUSDT": 0.28352740655815684, "TRBUSDT": 0.16909196531778758, "BONKUSDT": 0.23289851725298552, "FLOKIUSDT": 0.15385664173963787, "LUNCUSDT": 0.05506652040354208}