{"SANDUSDT": 0.047182100883965614, "MANAUSDT": 0.049108907686867265, "AXSUSDT": 0.04925068410201272, "ENJUSDT": 0.09801588857207225, "CHZUSDT": 0.01922771938360963, "THETAUSDT": 0.07419820843301125, "FETUSDT": 0.18728662124820725, "WLDUSDT": 0.11701940001545119, "TAOUSDT": 0.17125666531961664, "GALAUSDT": 0.07079235610980916, "LDOUSDT": 0.069885822716734, "TIAUSDT": 0.12949509288001185, "LPTUSDT": 0.11475970520015247, "ENAUSDT": 0.12119057943790258, "BATUSDT": 0.022224833904102015, "RVNUSDT": 0.24523889273647664, "ZECUSDT": 0.03967221451902358, "ZILUSDT": 0.05462800271876397, "DOGEUSDT": 0.06646456707589822, "TRUMPUSDT": 0.06329245726051387, "SHIBUSDT": 0.03907836765756911, "PEPEUSDT": 0.13838223489895551, "WIFUSDT": 0.22783994667417914, "VIRTUALUSDT": 0.21545377313107883, "EIGENUSDT": 0.17448747763293782, "TRBUSDT": 0.06635348716689382, "BONKUSDT": 0.17706768440810616, "FLOKIUSDT": 0.12058991420877188, "LUNCUSDT": 0.07723970631567953}