{"SHIBUSDT": 0.005891461947846867, "PEPEUSDT": 0.05866644013638905, "WIFUSDT": 0.08583438725319209, "VIRTUALUSDT": 0.03887052387887764, "EIGENUSDT": 0.029183427799952262, "TRBUSDT": 0.08731252181466954}