{"SHIBUSDT": 0.018766224737261222, "PEPEUSDT": 0.12988323532491486, "WIFUSDT": 0.16504688047393057, "VIRTUALUSDT": 0.10261522888324906, "EIGENUSDT": 0.07700389979393375, "TRBUSDT": 0.046430597713162894}