{"SHIBUSDT": 0.0028048115548798976, "PEPEUSDT": 0.037640317493327774, "WIFUSDT": 0.07561672638562074, "VIRTUALUSDT": 0.054731003514387776, "EIGENUSDT": 0.07784986530637675, "TRBUSDT": 0.011261127135244556}