{"SHIBUSDT": 0.07955822330105851, "PEPEUSDT": 0.21271748925144118, "WIFUSDT": 0.23535022879173315, "VIRTUALUSDT": 0.16311604935057117, "EIGENUSDT": 0.22217562428864684, "TRBUSDT": 0.33992826233000684, "BONKUSDT": 0.10264780505163826, "FLOKIUSDT": 0.1602242288225836, "LUNCUSDT": 0.014533072361217871}