{"SANDUSDT": 0.06271810210461405, "MANAUSDT": 0.08367371151703137, "AXSUSDT": 0.03934673769484977, "ENJUSDT": 0.08987437063571002, "CHZUSDT": 0.05074247968529596, "THETAUSDT": 0.09359610501312558, "FETUSDT": 0.1316395557436323, "WLDUSDT": 0.1646769024451544, "TAOUSDT": 0.12489881977310596, "GALAUSDT": 0.06107747505499112, "LDOUSDT": 0.0656961325150376, "TIAUSDT": 0.08977126140038998, "LPTUSDT": 0.0644850716362042, "ENAUSDT": 0.16755539859828605, "BATUSDT": 0.03856174880734913, "RVNUSDT": 0.3318997641866399, "ZECUSDT": 0.05584739694458937, "ZILUSDT": 0.06295349895628151, "DOGEUSDT": 0.07889967705102813, "TRUMPUSDT": 0.11239780691407344, "SHIBUSDT": 0.046847213142401214, "PEPEUSDT": 0.14945395525936989, "WIFUSDT": 0.1711002724787977, "VIRTUALUSDT": 0.10356240824164985, "EIGENUSDT": 0.14344002872272216, "TRBUSDT": 0.11811927511852766, "BONKUSDT": 0.13304102342796198, "FLOKIUSDT": 0.07463486749324648, "LUNCUSDT": 0.02345872686224075}