{"SHIBUSDT": 0.014137477337104482, "PEPEUSDT": 0.042810341091642716, "WIFUSDT": 0.059188646239091654, "VIRTUALUSDT": 0.019327116384111765, "EIGENUSDT": 0.087257727387933, "TRBUSDT": 0.023635671104383457}