{"SANDUSDT": 0.052198191966051126, "MANAUSDT": 0.042743041582499273, "AXSUSDT": 0.05414346193144672, "ENJUSDT": 0.07392812073405447, "CHZUSDT": 0.04582554415248981, "THETAUSDT": 0.07940102614182896, "FETUSDT": 0.09761762370893484, "WLDUSDT": 0.1342686176252725, "TAOUSDT": 0.12136814394914072, "GALAUSDT": 0.08876165194070393, "LDOUSDT": 0.0977593085832216, "TIAUSDT": 0.06517532555852668, "LPTUSDT": 0.0271652865885918, "ENAUSDT": 0.12510222150405007, "BATUSDT": 0.06991589142046921, "RVNUSDT": 0.06522443245324465, "ZECUSDT": 0.06953124206331046, "ZILUSDT": 0.03189819837555782, "DOGEUSDT": 0.1073323737080779, "TRUMPUSDT": 0.05895563852707723, "SHIBUSDT": 0.0836405622017031, "PEPEUSDT": 0.1978619172571402, "WIFUSDT": 0.24124639721553373, "VIRTUALUSDT": 0.18786718053347504, "EIGENUSDT": 0.16492525016536927, "TRBUSDT": 0.11416582308688239, "BONKUSDT": 0.1928856859537725, "FLOKIUSDT": 0.15565860336707338, "LUNCUSDT": 0.04343546298745852}