{"SANDUSDT": 0.02284464840682793, "MANAUSDT": 0.01403599203317545, "AXSUSDT": 0.048994645717668796, "ENJUSDT": 0.11104835267029588, "CHZUSDT": 0.012809111261783206, "THETAUSDT": 0.11119375460348771, "FETUSDT": 0.17961784800971745, "WLDUSDT": 0.20062872707797494, "TAOUSDT": 0.14765266807859245, "GALAUSDT": 0.055658071168878734, "LDOUSDT": 0.1019233976445095, "TIAUSDT": 0.09512589241878502, "LPTUSDT": 0.1065522047879501, "ENAUSDT": 0.11809737812999545, "BATUSDT": 0.041423698062252455, "RVNUSDT": 0.17757971297341588, "ZECUSDT": 0.059082694027883575, "ZILUSDT": 0.058577700199054464, "DOGEUSDT": 0.047333958691735144, "TRUMPUSDT": 0.09072647994751251, "SHIBUSDT": 0.04834745722514796, "PEPEUSDT": 0.14964872429764525, "WIFUSDT": 0.16152077483025476, "VIRTUALUSDT": 0.1707656581085205, "EIGENUSDT": 0.1334636189291368, "TRBUSDT": 0.1552726670976326, "BONKUSDT": 0.10679436068901155, "FLOKIUSDT": 0.03699473956164811, "LUNCUSDT": 0.004454940607033201}