{"SHIBUSDT": 0.015310838463241624, "PEPEUSDT": 0.045121640812642326, "WIFUSDT": 0.13078450421406868, "VIRTUALUSDT": 0.1342168381255592, "EIGENUSDT": 0.1940517388352047, "TRBUSDT": 0.07260679091485188}