{"SANDUSDT": 0.016734405545470146, "MANAUSDT": 0.032709240573513765, "AXSUSDT": 0.01859785486325652, "ENJUSDT": 0.017531833040693022, "CHZUSDT": 0.02939737310597363, "THETAUSDT": 0.07179804969134655, "FETUSDT": 0.1543388668079889, "WLDUSDT": 0.0621284413685619, "TAOUSDT": 0.1377269562181963, "GALAUSDT": 0.045311781105820514, "LDOUSDT": 0.1270146488694005, "TIAUSDT": 0.07497691489245867, "LPTUSDT": 0.059718520446414736, "ENAUSDT": 0.09800690289424424, "BATUSDT": 0.010589447125290398, "RVNUSDT": 0.14657702834510236, "ZECUSDT": 0.02511958672544155, "ZILUSDT": 0.01712452239720591, "DOGEUSDT": 0.042849893788982546, "TRUMPUSDT": 0.09088917753919151, "SHIBUSDT": 0.03801634663897293, "PEPEUSDT": 0.10355524258388238, "WIFUSDT": 0.17341540264710034, "VIRTUALUSDT": 0.17853206158540075, "EIGENUSDT": 0.12590164880522928, "TRBUSDT": 0.041199347657628525, "BONKUSDT": 0.11021228031655504, "FLOKIUSDT": 0.059195900412577364, "LUNCUSDT": 0.04208874842170486}