{"SANDUSDT": 0.04403119379426065, "MANAUSDT": 0.042613199431150134, "AXSUSDT": 0.015491594091579209, "ENJUSDT": 0.055411926654260535, "CHZUSDT": 0.02255869177963301, "THETAUSDT": 0.02092604227789728, "FETUSDT": 0.17038458372113166, "WLDUSDT": 0.06535664088251539, "TAOUSDT": 0.1791706979779467, "GALAUSDT": 0.06882197829432342, "LDOUSDT": 0.10627605924615031, "TIAUSDT": 0.11756744144474665, "LPTUSDT": 0.0718915237162463, "ENAUSDT": 0.12840051464858673, "BATUSDT": 0.029344482648722178, "RVNUSDT": 0.06705832868719316, "ZECUSDT": 0.030179141860322684, "ZILUSDT": 0.025930590436844068, "DOGEUSDT": 0.017934328029296853, "TRUMPUSDT": 0.050984904095524225, "SHIBUSDT": 0.04069025579135041, "PEPEUSDT": 0.11665784153797552, "WIFUSDT": 0.22488340449954627, "VIRTUALUSDT": 0.23296289611908833, "EIGENUSDT": 0.1756956039491614, "TRBUSDT": 0.08290447280729249, "BONKUSDT": 0.17987104478308985, "FLOKIUSDT": 0.056872963869743276, "LUNCUSDT": 0.0536684616451396}