{"SHIBUSDT": 0.004675885237801427, "PEPEUSDT": 0.008529636827196312, "WIFUSDT": 0.11867310932390604, "VIRTUALUSDT": 0.017832080889827028, "EIGENUSDT": 0.03338958973328766, "TRBUSDT": 0.011835538416168063}