{"SHIBUSDT": 0.006073852933936516, "PEPEUSDT": 0.020288498011124475, "WIFUSDT": 0.019522888258427257, "VIRTUALUSDT": 0.02009515355564077, "EIGENUSDT": 0.017186102313152245, "TRBUSDT": 0.026615603115947045}