{"SANDUSDT": 0.11009329930613124, "MANAUSDT": 0.09436590683948351, "AXSUSDT": 0.0709245116819101, "ENJUSDT": 0.09236213992419044, "CHZUSDT": 0.04507361601964473, "THETAUSDT": 0.1829315825747052, "FETUSDT": 0.20885332920878166, "WLDUSDT": 0.2248386160384718, "TAOUSDT": 0.1510464561063859, "GALAUSDT": 0.13638773758044653, "LDOUSDT": 0.15530897659360934, "TIAUSDT": 0.15195847891547967, "LPTUSDT": 0.11204414230946926, "ENAUSDT": 0.20208670525304145, "BATUSDT": 0.07339462890771953, "RVNUSDT": 0.25953602427457373, "ZECUSDT": 0.0693418626998111, "ZILUSDT": 0.08606522346636677, "DOGEUSDT": 0.1331450176746261, "TRUMPUSDT": 0.09858000620652968, "SHIBUSDT": 0.0780035857829602, "PEPEUSDT": 0.22130442549523446, "WIFUSDT": 0.2409434267747789, "VIRTUALUSDT": 0.14343223521198797, "EIGENUSDT": 0.24529155476534903, "TRBUSDT": 0.13393515902071185, "BONKUSDT": 0.2255131948595478, "FLOKIUSDT": 0.1533547126013395, "LUNCUSDT": 0.02817277975296854}