{"SHIBUSDT": 0.01435358360351513, "PEPEUSDT": 0.048753513891938535, "WIFUSDT": 0.10185826652904423, "VIRTUALUSDT": 0.07970527909614503, "EIGENUSDT": 0.05600753659822149, "TRBUSDT": 0.05215654892306993}