{"SHIBUSDT": 0.011902086880574703, "PEPEUSDT": 0.047534841403292616, "WIFUSDT": 0.07618204972877786, "VIRTUALUSDT": 0.03918421779769129, "EIGENUSDT": 0.04893904102145468, "TRBUSDT": 0.04314563923451741}