{"SANDUSDT": 0.012381585239514417, "MANAUSDT": 0.024647428738593307, "AXSUSDT": 0.015557062756781741, "ENJUSDT": 0.06825725323253437, "CHZUSDT": 0.02973807331229734, "THETAUSDT": 0.10971087895958434, "FETUSDT": 0.04423631307490689, "WLDUSDT": 0.11343523727738235, "TAOUSDT": 0.05952424354072485, "GALAUSDT": 0.041792852718997166, "LDOUSDT": 0.07362285002430194, "TIAUSDT": 0.05435973046505792, "LPTUSDT": 0.07764579133974561, "ENAUSDT": 0.0718865087453515, "BATUSDT": 0.016767372858734794, "RVNUSDT": 0.1430720699210093, "ZECUSDT": 0.06524891431824145, "ZILUSDT": 0.029015135645668155, "DOGEUSDT": 0.03654404200594648, "TRUMPUSDT": 0.08802322035515454, "SHIBUSDT": 0.057019103115885456, "PEPEUSDT": 0.1296765615896268, "WIFUSDT": 0.11989101231169629, "VIRTUALUSDT": 0.2625811788338166, "EIGENUSDT": 0.1857952004171343, "TRBUSDT": 0.06417063541545563, "BONKUSDT": 0.10392762429580969, "FLOKIUSDT": 0.07861248663334894, "LUNCUSDT": 0.0406816671457055}