{"SANDUSDT": 0.05470937059765261, "MANAUSDT": 0.07445391769373451, "AXSUSDT": 0.036001941127846264, "ENJUSDT": 0.09983719611173449, "CHZUSDT": 0.061305325198628816, "THETAUSDT": 0.1418231766341796, "FETUSDT": 0.09305014729104306, "WLDUSDT": 0.11516395697122866, "TAOUSDT": 0.12236856961645855, "GALAUSDT": 0.05027750428978594, "LDOUSDT": 0.15281893898261087, "TIAUSDT": 0.09724704508722407, "LPTUSDT": 0.09057324039948175, "ENAUSDT": 0.0929769607321885, "BATUSDT": 0.018483018516231457, "RVNUSDT": 0.25679171034739884, "ZECUSDT": 0.18266874114495843, "ZILUSDT": 0.04480545818798759, "DOGEUSDT": 0.06150529271535804, "TRUMPUSDT": 0.11522080119061746, "SHIBUSDT": 0.03384075107124808, "PEPEUSDT": 0.12960351205347911, "WIFUSDT": 0.20611097534224215, "VIRTUALUSDT": 0.31164851027489887, "EIGENUSDT": 0.15601153498899295, "TRBUSDT": 0.1778629584268391, "BONKUSDT": 0.1504286731709527, "FLOKIUSDT": 0.09428015651954418, "LUNCUSDT": 0.047021535176530106}