{"SANDUSDT": 0.10192495656426959, "MANAUSDT": 0.0686008048787843, "AXSUSDT": 0.08459546494222177, "ENJUSDT": 0.17750155368389434, "CHZUSDT": 0.11557229422940453, "THETAUSDT": 0.25326224242131024, "FETUSDT": 0.19156738074049687, "WLDUSDT": 0.2938434355037278, "TAOUSDT": 0.1841996066323349, "GALAUSDT": 0.09216588322100805, "LDOUSDT": 0.12306435187420325, "TIAUSDT": 0.12499124534620852, "LPTUSDT": 0.10874042789572853, "ENAUSDT": 0.24567906093181285, "BATUSDT": 0.11392012760508413, "RVNUSDT": 0.1918468845316343, "ZECUSDT": 0.07699963796511394, "ZILUSDT": 0.047006242096661106, "DOGEUSDT": 0.16001118865131164, "TRUMPUSDT": 0.1018045093410204, "SHIBUSDT": 0.11661110436876235, "PEPEUSDT": 0.2067705831650844, "WIFUSDT": 0.24449343482399266, "VIRTUALUSDT": 0.25565121129402213, "EIGENUSDT": 0.28352740655815684, "TRBUSDT": 0.15751662135049044, "BONKUSDT": 0.23289851725298552, "FLOKIUSDT": 0.15385664173963787, "LUNCUSDT": 0.03914770730686104}