{"SHIBUSDT": 0.0015241913182644387, "PEPEUSDT": 0.021055372238678597, "WIFUSDT": 0.02600455562077857, "VIRTUALUSDT": 0.04115543085556733, "EIGENUSDT": 0.014262262521637047, "TRBUSDT": 0.017362741593545093}