{"SANDUSDT": 0.02254543186204657, "MANAUSDT": 0.014171920384578837, "AXSUSDT": 0.01911597903166388, "ENJUSDT": 0.06517649902016376, "CHZUSDT": 0.009031271044980763, "THETAUSDT": 0.08341008619818872, "FETUSDT": 0.23716674013247188, "WLDUSDT": 0.15384903870051134, "TAOUSDT": 0.11491981882160254, "GALAUSDT": 0.016966389622178876, "LDOUSDT": 0.07174228502210417, "TIAUSDT": 0.03609279055658429, "LPTUSDT": 0.06460498307381678, "ENAUSDT": 0.07176916192040948, "BATUSDT": 0.059065365915826465, "RVNUSDT": 0.1431362824686523, "ZECUSDT": 0.05259011734658092, "ZILUSDT": 0.013413219585188797, "DOGEUSDT": 0.01944634857637026, "TRUMPUSDT": 0.07601820553644016, "SHIBUSDT": 0.06320365787221524, "PEPEUSDT": 0.15911524637169705, "WIFUSDT": 0.15151341260908652, "VIRTUALUSDT": 0.17307886336469017, "EIGENUSDT": 0.24283297638462617, "TRBUSDT": 0.07683907841802382, "BONKUSDT": 0.123614031119185, "FLOKIUSDT": 0.038098530651542464, "LUNCUSDT": 0.01013054033253638}