{"SANDUSDT": 0.02492237967902598, "MANAUSDT": 0.024013881821825237, "AXSUSDT": 0.03897665480596936, "ENJUSDT": 0.08122783246266595, "CHZUSDT": 0.05609461986711584, "THETAUSDT": 0.11909449282008124, "FETUSDT": 0.05863988276972769, "WLDUSDT": 0.12825525017176595, "TAOUSDT": 0.07205108008521746, "GALAUSDT": 0.0614179810821089, "LDOUSDT": 0.1328402890926311, "TIAUSDT": 0.08430608689152737, "LPTUSDT": 0.042377610211544015, "ENAUSDT": 0.10487031555513285, "BATUSDT": 0.019654260720367703, "RVNUSDT": 0.16482630978474022, "ZECUSDT": 0.053961364302154695, "ZILUSDT": 0.028989294547450053, "DOGEUSDT": 0.0642494617822217, "TRUMPUSDT": 0.0747054932260506, "SHIBUSDT": 0.038418604236095166, "PEPEUSDT": 0.11805162949090449, "WIFUSDT": 0.12073366316714311, "VIRTUALUSDT": 0.1860414420674441, "EIGENUSDT": 0.15659988880815717, "TRBUSDT": 0.041363558211097766, "BONKUSDT": 0.13346492460562223, "FLOKIUSDT": 0.12594914220822082, "LUNCUSDT": 0.03872651128100288}