{"SHIBUSDT": 0.017629025279482128, "PEPEUSDT": 0.10445210741731108, "WIFUSDT": 0.12728286577269532, "VIRTUALUSDT": 0.0924732181447847, "EIGENUSDT": 0.08575203489829748, "TRBUSDT": 0.057032211255371494}