{"SANDUSDT": 0.1024115563888614, "MANAUSDT": 0.09113229929633271, "AXSUSDT": 0.10766108458361391, "ENJUSDT": 0.17312853929545116, "CHZUSDT": 0.07288218819818953, "THETAUSDT": 0.17601645589208662, "FETUSDT": 0.22749293350705277, "WLDUSDT": 0.2192037743545812, "TAOUSDT": 0.15791893633965412, "GALAUSDT": 0.1688374480639747, "LDOUSDT": 0.1837603033943772, "TIAUSDT": 0.17174082792959244, "LPTUSDT": 0.1325232558190565, "ENAUSDT": 0.15987114688081894, "BATUSDT": 0.12851753904673047, "RVNUSDT": 0.256607319413237, "ZECUSDT": 0.059890273404104924, "ZILUSDT": 0.08594112156090637, "DOGEUSDT": 0.17118826862265607, "TRUMPUSDT": 0.1387596613155167, "SHIBUSDT": 0.12003334112780548, "PEPEUSDT": 0.21549206527297737, "WIFUSDT": 0.24500657771181011, "VIRTUALUSDT": 0.20642103299786796, "EIGENUSDT": 0.24932843438606203, "TRBUSDT": 0.08952151538120581, "BONKUSDT": 0.24150983460809472, "FLOKIUSDT": 0.2010044468896095, "LUNCUSDT": 0.07158867866520179}