{"SHIBUSDT": 0.013476262529380395, "PEPEUSDT": 0.048364021539149066, "WIFUSDT": 0.07050946418972891, "VIRTUALUSDT": 0.0746685565344063, "EIGENUSDT": 0.0291667946617196, "TRBUSDT": 0.19715462146287382}