{"SANDUSDT": 0.043798365436799346, "MANAUSDT": 0.029646259219656034, "AXSUSDT": 0.04422659203270225, "ENJUSDT": 0.058346519829463706, "CHZUSDT": 0.034517274701194776, "THETAUSDT": 0.1100725682058458, "FETUSDT": 0.050101842994825514, "WLDUSDT": 0.08439791041865773, "TAOUSDT": 0.07217291732558026, "GALAUSDT": 0.03765630278184671, "LDOUSDT": 0.11104837773121007, "TIAUSDT": 0.06901223583965141, "LPTUSDT": 0.06907196847754478, "ENAUSDT": 0.10675011606311988, "BATUSDT": 0.022960826418630648, "RVNUSDT": 0.2565006821831282, "ZECUSDT": 0.07759866802922565, "ZILUSDT": 0.047692881424550096, "DOGEUSDT": 0.0876529173317691, "TRUMPUSDT": 0.10570265004428929, "SHIBUSDT": 0.05893899425992648, "PEPEUSDT": 0.15695219631179752, "WIFUSDT": 0.1555818335532556, "VIRTUALUSDT": 0.17307864024610575, "EIGENUSDT": 0.1629669932029901, "TRBUSDT": 0.09449578191617371, "BONKUSDT": 0.1368617929079094, "FLOKIUSDT": 0.11677488453379122, "LUNCUSDT": 0.02143871586772326}