{"SHIBUSDT": 0.004732883295349597, "PEPEUSDT": 0.018860557345660372, "WIFUSDT": 0.05273739068003669, "VIRTUALUSDT": 0.14852322061262757, "EIGENUSDT": 0.0905394385686022, "TRBUSDT": 0.012203658693427186}