{"SHIBUSDT": 0.013825172010774657, "PEPEUSDT": 0.05432712082367253, "WIFUSDT": 0.11068491906421557, "VIRTUALUSDT": 0.06654071239126495, "EIGENUSDT": 0.07391582132185442, "TRBUSDT": 0.0477336442085449}