{"SHIBUSDT": 0.03584038136807445, "PEPEUSDT": 0.09358550654926756, "WIFUSDT": 0.15430344927595224, "VIRTUALUSDT": 0.05814565859911858, "EIGENUSDT": 0.2109312402048205, "TRBUSDT": 0.08699020025811986, "BONKUSDT": 0.11877303639353533, "FLOKIUSDT": 0.07455802778785675, "LUNCUSDT": 0.024825316262547}