{"SANDUSDT": 0.07133992027979066, "MANAUSDT": 0.04384228042875068, "AXSUSDT": 0.055926949267345843, "ENJUSDT": 0.053892577845792065, "CHZUSDT": 0.03082376954295669, "THETAUSDT": 0.08539395537136495, "FETUSDT": 0.15395672799538443, "WLDUSDT": 0.1444310328081444, "TAOUSDT": 0.20337347174087467, "GALAUSDT": 0.0809502472549036, "LDOUSDT": 0.08897748797816604, "TIAUSDT": 0.10484785351606841, "LPTUSDT": 0.08694441260956746, "ENAUSDT": 0.16503224648745693, "BATUSDT": 0.02888362278220505, "RVNUSDT": 0.1288095631733372, "ZECUSDT": 0.06133891491751632, "ZILUSDT": 0.019797597857557372, "DOGEUSDT": 0.023772633383451012, "TRUMPUSDT": 0.1663790874073942, "SHIBUSDT": 0.03737764296037417, "PEPEUSDT": 0.14897826059291905, "WIFUSDT": 0.2346273718780438, "VIRTUALUSDT": 0.15740978190557334, "EIGENUSDT": 0.19173872151151997, "TRBUSDT": 0.06839011359852228, "BONKUSDT": 0.11134872777300403, "FLOKIUSDT": 0.08632851299228327, "LUNCUSDT": 0.020200221873459892}