{"SANDUSDT": 0.0823344251869567, "MANAUSDT": 0.05926458148764909, "AXSUSDT": 0.04229410972688849, "ENJUSDT": 0.10257649662989717, "CHZUSDT": 0.09158914797847398, "THETAUSDT": 0.10822556570861307, "FETUSDT": 0.2865616485631296, "WLDUSDT": 0.20739976158622453, "TAOUSDT": 0.1302231232824178, "GALAUSDT": 0.11397799776182611, "LDOUSDT": 0.13466989970577262, "TIAUSDT": 0.1438681320841503, "LPTUSDT": 0.12340457693443178, "ENAUSDT": 0.15760680570801344, "BATUSDT": 0.08463438135632019, "RVNUSDT": 0.3037704537336911, "ZECUSDT": 0.0733211547944408, "ZILUSDT": 0.12092035283428568, "DOGEUSDT": 0.143197806897831, "TRUMPUSDT": 0.11291977418020988, "SHIBUSDT": 0.09561906348070665, "PEPEUSDT": 0.18938105612910325, "WIFUSDT": 0.2517124771418321, "VIRTUALUSDT": 0.18563960001306667, "EIGENUSDT": 0.26257548693232313, "TRBUSDT": 0.11432197294917468, "BONKUSDT": 0.22023158346556046, "FLOKIUSDT": 0.10709954018609245, "LUNCUSDT": 0.0755932309977963}