{"SANDUSDT": 0.057763062179473704, "MANAUSDT": 0.04012028582144582, "AXSUSDT": 0.06339940113511992, "ENJUSDT": 0.09666985512453026, "CHZUSDT": 0.05211172783790402, "THETAUSDT": 0.07515369964633056, "FETUSDT": 0.15003815832784884, "WLDUSDT": 0.1341190558895591, "TAOUSDT": 0.1312985373014872, "GALAUSDT": 0.06814136177143397, "LDOUSDT": 0.09589494674392218, "TIAUSDT": 0.06910706029797205, "LPTUSDT": 0.04259846308174904, "ENAUSDT": 0.11312190721106165, "BATUSDT": 0.0881062350015968, "RVNUSDT": 0.1248371206247259, "ZECUSDT": 0.1479386393834988, "ZILUSDT": 0.056690573270770615, "DOGEUSDT": 0.11287081581447338, "TRUMPUSDT": 0.04877945303812218, "SHIBUSDT": 0.07907338447386411, "PEPEUSDT": 0.10799480663633197, "WIFUSDT": 0.19523937920068812, "VIRTUALUSDT": 0.1299517161482723, "EIGENUSDT": 0.09281241535292903, "TRBUSDT": 0.06433356725757554, "BONKUSDT": 0.1648277875393526, "FLOKIUSDT": 0.1446065096296635, "LUNCUSDT": 0.03351697265966746}