{"SHIBUSDT": 0.009028779509680264, "PEPEUSDT": 0.05848109789988043, "WIFUSDT": 0.02012415373279088, "VIRTUALUSDT": 0.02607591097839531, "EIGENUSDT": 0.04265652739572593, "TRBUSDT": 0.09344754898543937}