{"SANDUSDT": 0.051975048180885594, "MANAUSDT": 0.06193507156145946, "AXSUSDT": 0.053076858235515945, "ENJUSDT": 0.0774962430436175, "CHZUSDT": 0.05924065801713925, "THETAUSDT": 0.13628402046132818, "FETUSDT": 0.05722203913631758, "WLDUSDT": 0.1218627958451869, "TAOUSDT": 0.08907557892172618, "GALAUSDT": 0.08773410073915974, "LDOUSDT": 0.12606950987214438, "TIAUSDT": 0.07522341914026667, "LPTUSDT": 0.07054859662349977, "ENAUSDT": 0.11942692684704173, "BATUSDT": 0.026900068437804583, "RVNUSDT": 0.23881123785306124, "ZECUSDT": 0.09275995789509364, "ZILUSDT": 0.0534449714640708, "DOGEUSDT": 0.11002953279402843, "TRUMPUSDT": 0.11908058160711037, "SHIBUSDT": 0.058259040300722924, "PEPEUSDT": 0.12860459126644727, "WIFUSDT": 0.1998157027142589, "VIRTUALUSDT": 0.2356523758520199, "EIGENUSDT": 0.23422483589940857, "TRBUSDT": 0.12313460678106285, "BONKUSDT": 0.13431757363870853, "FLOKIUSDT": 0.12138253234534312, "LUNCUSDT": 0.023245767619044004}