{"SANDUSDT": 0.048379652649307506, "MANAUSDT": 0.04356150570094785, "AXSUSDT": 0.025236301685418207, "ENJUSDT": 0.05537308118884053, "CHZUSDT": 0.023816197899184537, "THETAUSDT": 0.09650970661446469, "FETUSDT": 0.06583469614532393, "WLDUSDT": 0.11135714112324833, "TAOUSDT": 0.0889947669328557, "GALAUSDT": 0.0843886905687737, "LDOUSDT": 0.11411164039865729, "TIAUSDT": 0.06134468134863131, "LPTUSDT": 0.12981875279297017, "ENAUSDT": 0.12244337485134252, "BATUSDT": 0.05518035083602593, "RVNUSDT": 0.24626463644033583, "ZECUSDT": 0.05399941704110061, "ZILUSDT": 0.044414487501508955, "DOGEUSDT": 0.14143747495533987, "TRUMPUSDT": 0.102307121899522, "SHIBUSDT": 0.05226792090039163, "PEPEUSDT": 0.162888680670751, "WIFUSDT": 0.16668973537596682, "VIRTUALUSDT": 0.22830065571577327, "EIGENUSDT": 0.30245651483015557, "TRBUSDT": 0.12530368764928967, "BONKUSDT": 0.1583746336081939, "FLOKIUSDT": 0.12131460298392878, "LUNCUSDT": 0.07847560717659055}