{"SANDUSDT": 0.0637726444868342, "MANAUSDT": 0.06814038575435083, "AXSUSDT": 0.03830750970417715, "ENJUSDT": 0.10109644061915968, "CHZUSDT": 0.06321190594493939, "THETAUSDT": 0.14302921807361366, "FETUSDT": 0.0799106566943607, "WLDUSDT": 0.12229868767048215, "TAOUSDT": 0.12846384259152382, "GALAUSDT": 0.06764485669838319, "LDOUSDT": 0.12300369160966433, "TIAUSDT": 0.10302448912188401, "LPTUSDT": 0.09434431884684868, "ENAUSDT": 0.09683216791583653, "BATUSDT": 0.037903358311611714, "RVNUSDT": 0.2280100449978197, "ZECUSDT": 0.21962405907124627, "ZILUSDT": 0.03324330000059656, "DOGEUSDT": 0.07774852643788682, "TRUMPUSDT": 0.10216311917184237, "SHIBUSDT": 0.028458860991051122, "PEPEUSDT": 0.09050802071542292, "WIFUSDT": 0.158558798749644, "VIRTUALUSDT": 0.2751967201171589, "EIGENUSDT": 0.2138540452479376, "TRBUSDT": 0.16359820112919884, "BONKUSDT": 0.1865798541149557, "FLOKIUSDT": 0.12297455891308805, "LUNCUSDT": 0.06467751861627334}