{"SHIBUSDT": 0.004014714013236237, "PEPEUSDT": 0.04796612708175737, "WIFUSDT": 0.03289806731465822, "VIRTUALUSDT": 0.03264921923822352, "EIGENUSDT": 0.025742163635041018, "TRBUSDT": 0.030229875371650335}