{"SHIBUSDT": 0.010854817094773128, "PEPEUSDT": 0.019788009366468157, "WIFUSDT": 0.03327815451548425, "VIRTUALUSDT": 0.035122189460492094, "EIGENUSDT": 0.021394753623304386, "TRBUSDT": 0.1667623496066584}