{"SHIBUSDT": 0.014402943476426842, "PEPEUSDT": 0.04639333577972761, "WIFUSDT": 0.05188974787329667, "VIRTUALUSDT": 0.0663067679306679, "EIGENUSDT": 0.026369607985110878, "TRBUSDT": 0.02466761001105366}