{"SHIBUSDT": 0.020371182006456573, "PEPEUSDT": 0.05848846268494995, "WIFUSDT": 0.12564724939580527, "VIRTUALUSDT": 0.06051904576923566, "EIGENUSDT": 0.062220438026488176, "TRBUSDT": 0.027072688453325267}