{"SHIBUSDT": 0.007218084538365708, "PEPEUSDT": 0.02423953844303028, "WIFUSDT": 0.019446318213511372, "VIRTUALUSDT": 0.018083121887898113, "EIGENUSDT": 0.019858796987173064, "TRBUSDT": 0.027861173980926253}