{"SHIBUSDT": 0.014547095352513952, "PEPEUSDT": 0.11480802647501116, "WIFUSDT": 0.12165743769588043, "VIRTUALUSDT": 0.13386838541017856, "EIGENUSDT": 0.1413255136297421, "TRBUSDT": 0.0881677019714321}