{"SANDUSDT": 0.06964637679931449, "MANAUSDT": 0.04161604675107319, "AXSUSDT": 0.0395041756660723, "ENJUSDT": 0.08715131950359294, "CHZUSDT": 0.08719571476786848, "THETAUSDT": 0.10409329831985936, "FETUSDT": 0.19768197872472984, "WLDUSDT": 0.25045979297389903, "TAOUSDT": 0.12772705374660143, "GALAUSDT": 0.08701068491245681, "LDOUSDT": 0.1815224842300968, "TIAUSDT": 0.10292560909942677, "LPTUSDT": 0.12164098329126947, "ENAUSDT": 0.1757194431284291, "BATUSDT": 0.08132838515438048, "RVNUSDT": 0.25116193982028373, "ZECUSDT": 0.08636801090465494, "ZILUSDT": 0.08978184900840747, "DOGEUSDT": 0.09523347463128748, "TRUMPUSDT": 0.115265523137162, "SHIBUSDT": 0.0946194661700286, "PEPEUSDT": 0.2015019580596931, "WIFUSDT": 0.19740702995846926, "VIRTUALUSDT": 0.19535593306011884, "EIGENUSDT": 0.23449327287223726, "TRBUSDT": 0.11647580011301638, "BONKUSDT": 0.23710234157270424, "FLOKIUSDT": 0.13101494113067316, "LUNCUSDT": 0.01297206805026263}