{"SANDUSDT": 0.0772800804060431, "MANAUSDT": 0.10664170917143126, "AXSUSDT": 0.05923606337678418, "ENJUSDT": 0.0739746751579102, "CHZUSDT": 0.0798523157222309, "THETAUSDT": 0.16409715959544485, "FETUSDT": 0.11233452259366175, "WLDUSDT": 0.1206192000855341, "TAOUSDT": 0.1274911959483675, "GALAUSDT": 0.05306912089427331, "LDOUSDT": 0.16394479745741203, "TIAUSDT": 0.11265204126920406, "LPTUSDT": 0.11636086336286279, "ENAUSDT": 0.12920204130155533, "BATUSDT": 0.05011767663861039, "RVNUSDT": 0.26502914671621997, "ZECUSDT": 0.18862222894315214, "ZILUSDT": 0.05528901676820963, "DOGEUSDT": 0.10456171150852818, "TRUMPUSDT": 0.1267895908127005, "SHIBUSDT": 0.02521649524041291, "PEPEUSDT": 0.17377209109551564, "WIFUSDT": 0.22746658947984047, "VIRTUALUSDT": 0.2877884741842239, "EIGENUSDT": 0.22565117688207575, "TRBUSDT": 0.18261081926981595, "BONKUSDT": 0.20986421577226752, "FLOKIUSDT": 0.13538948401153558, "LUNCUSDT": 0.05226930499873898}