{"SANDUSDT": 0.043603302194771446, "MANAUSDT": 0.03164097482963719, "AXSUSDT": 0.01959205597094527, "ENJUSDT": 0.09393417289581356, "CHZUSDT": 0.016829831374730774, "THETAUSDT": 0.059843466416093, "FETUSDT": 0.18714188499867754, "WLDUSDT": 0.1052928081566316, "TAOUSDT": 0.11836633819544691, "GALAUSDT": 0.07574467721860578, "LDOUSDT": 0.05756046147572068, "TIAUSDT": 0.11474471701686902, "LPTUSDT": 0.13060355447977848, "ENAUSDT": 0.13121021921588372, "BATUSDT": 0.02043594690594606, "RVNUSDT": 0.16742150178296544, "ZECUSDT": 0.06126377166053237, "ZILUSDT": 0.038817010311388546, "DOGEUSDT": 0.04865094174167944, "TRUMPUSDT": 0.06723723525350814, "SHIBUSDT": 0.029478284869754994, "PEPEUSDT": 0.11411444600186589, "WIFUSDT": 0.1873023778500726, "VIRTUALUSDT": 0.19972952770560368, "EIGENUSDT": 0.23785558404152243, "TRBUSDT": 0.05690009410101405, "BONKUSDT": 0.2000046423396504, "FLOKIUSDT": 0.11864456557985953, "LUNCUSDT": 0.0565880305182082}