{"SHIBUSDT": 0.02139788832937602, "PEPEUSDT": 0.07124618850944328, "WIFUSDT": 0.1475139367193913, "VIRTUALUSDT": 0.12227903999092454, "EIGENUSDT": 0.18017328930634716, "TRBUSDT": 0.08828065022899706}