{"SANDUSDT": 0.018744467730857695, "MANAUSDT": 0.05220179651870893, "AXSUSDT": 0.03188747616077972, "ENJUSDT": 0.06026243743311946, "CHZUSDT": 0.036286092707283266, "THETAUSDT": 0.08051929327099927, "FETUSDT": 0.0796678792101465, "WLDUSDT": 0.1167151209031369, "TAOUSDT": 0.10852661894723652, "GALAUSDT": 0.067329395541647, "LDOUSDT": 0.16240512262878434, "TIAUSDT": 0.08424082076069235, "LPTUSDT": 0.10049932639178369, "ENAUSDT": 0.15463917961041504, "BATUSDT": 0.03392124180453867}