{"SANDUSDT": 0.014746268899334485, "MANAUSDT": 0.01887335345572365, "AXSUSDT": 0.020192814918268933, "ENJUSDT": 0.0662124276081588, "CHZUSDT": 0.012740715603074418, "THETAUSDT": 0.06503083725003983, "FETUSDT": 0.19209983912769812, "WLDUSDT": 0.1322623871757903, "TAOUSDT": 0.07980175066685162, "GALAUSDT": 0.015865658194652733, "LDOUSDT": 0.055309547931996245, "TIAUSDT": 0.08259759052800059, "LPTUSDT": 0.07469208084198911, "ENAUSDT": 0.08637020549476575, "BATUSDT": 0.05195737217269865, "RVNUSDT": 0.16411517644942394, "ZECUSDT": 0.05506371373909005, "ZILUSDT": 0.008802731800879883, "DOGEUSDT": 0.020105100203363053, "TRUMPUSDT": 0.053344958036761, "SHIBUSDT": 0.02771796392459828, "PEPEUSDT": 0.12541300235745817, "WIFUSDT": 0.10920806831421988, "VIRTUALUSDT": 0.21312187869561236, "EIGENUSDT": 0.17736177509009463, "TRBUSDT": 0.07874413658409797, "BONKUSDT": 0.07213127738711606, "FLOKIUSDT": 0.027040986382888186, "LUNCUSDT": 0.012126894483491461}