{"SANDUSDT": 0.037354869672349064, "MANAUSDT": 0.01420891326934087, "AXSUSDT": 0.03433767463501502, "ENJUSDT": 0.04147113747370641, "CHZUSDT": 0.02284047195088923, "THETAUSDT": 0.10179904948450093, "FETUSDT": 0.17587896466695763, "WLDUSDT": 0.17432241426132403, "TAOUSDT": 0.14546197823160795, "GALAUSDT": 0.0416240045987174, "LDOUSDT": 0.05127664879395437, "TIAUSDT": 0.08163741435149247, "LPTUSDT": 0.07623940434634506, "ENAUSDT": 0.1494648929297084, "BATUSDT": 0.04042992758140236, "RVNUSDT": 0.17449102207163503, "ZECUSDT": 0.018661329472389205, "ZILUSDT": 0.006343408098222453, "DOGEUSDT": 0.042239208020864755, "TRUMPUSDT": 0.16127946797427506, "SHIBUSDT": 0.07810250513761349, "PEPEUSDT": 0.13525640415256915, "WIFUSDT": 0.25119570817204845, "VIRTUALUSDT": 0.17075079896828357, "EIGENUSDT": 0.17387813344032216, "TRBUSDT": 0.06939184402732879, "BONKUSDT": 0.13804660206477368, "FLOKIUSDT": 0.082391793695773, "LUNCUSDT": 0.012100022321599088}