{"SANDUSDT": 0.01718852400508602, "MANAUSDT": 0.04022571491152068, "AXSUSDT": 0.03111389920147362, "ENJUSDT": 0.08718971505919385, "CHZUSDT": 0.04459697964036865, "THETAUSDT": 0.09659968217551727, "FETUSDT": 0.07176686652230317, "WLDUSDT": 0.15148825162489749, "TAOUSDT": 0.11300307290185639, "GALAUSDT": 0.04066253122426496, "LDOUSDT": 0.13253002418374743, "TIAUSDT": 0.09986295347085573, "LPTUSDT": 0.09266010853548041, "ENAUSDT": 0.1558295893717367, "BATUSDT": 0.01731438631456942, "RVNUSDT": 0.2703863972173459, "ZECUSDT": 0.05222381832729718, "ZILUSDT": 0.031585035345287255, "DOGEUSDT": 0.061238689902326594, "TRUMPUSDT": 0.12674602350937644, "SHIBUSDT": 0.03776331904478189, "PEPEUSDT": 0.07027098627981228, "WIFUSDT": 0.14886390275028774, "VIRTUALUSDT": 0.19550067639525584, "EIGENUSDT": 0.2349200049534732, "TRBUSDT": 0.02654072891216813, "BONKUSDT": 0.13170730348330575, "FLOKIUSDT": 0.09306264983320854, "LUNCUSDT": 0.051489065720602065}