{"SHIBUSDT": 0.01996404585900524, "PEPEUSDT": 0.10546848374703842, "WIFUSDT": 0.1975872623682891, "VIRTUALUSDT": 0.07441288668060383, "EIGENUSDT": 0.10682471422485038, "TRBUSDT": 0.051446285648807925}