{"SHIBUSDT": 0.003954382379075649, "PEPEUSDT": 0.017891470214481155, "WIFUSDT": 0.05485034871550668, "VIRTUALUSDT": 0.09499523255678118, "EIGENUSDT": 0.07955351292995681, "TRBUSDT": 0.022533101864830964}