{"SHIBUSDT": 0.003459890191840649, "PEPEUSDT": 0.00893815060221701, "WIFUSDT": 0.06218419380079263, "VIRTUALUSDT": 0.046460769692795806, "EIGENUSDT": 0.04856286537677247, "TRBUSDT": 0.020850797276461105}