{"SANDUSDT": 0.053867216339511394, "MANAUSDT": 0.039745264743196486, "AXSUSDT": 0.050393629910903286, "ENJUSDT": 0.05408657413833209, "CHZUSDT": 0.036404502405569916, "THETAUSDT": 0.07297415279753099, "FETUSDT": 0.18951088918227255, "WLDUSDT": 0.11445367211822155, "TAOUSDT": 0.1541565984191833, "GALAUSDT": 0.060930289786034396, "LDOUSDT": 0.07662353757962728, "TIAUSDT": 0.09000941766917699, "LPTUSDT": 0.06666619626102079, "ENAUSDT": 0.16108785711532156, "BATUSDT": 0.02451181329167525, "RVNUSDT": 0.1300194400365885, "ZECUSDT": 0.051755178584405634, "ZILUSDT": 0.02130612784141427, "DOGEUSDT": 0.024482136818463906, "TRUMPUSDT": 0.11422628318533729, "SHIBUSDT": 0.04293847754660804, "PEPEUSDT": 0.16306048545370422, "WIFUSDT": 0.20085390739681433, "VIRTUALUSDT": 0.2452459706573228, "EIGENUSDT": 0.1649561445132946, "TRBUSDT": 0.06495819108275526, "BONKUSDT": 0.1088901999870838, "FLOKIUSDT": 0.09240854454134916, "LUNCUSDT": 0.03110357594340041}