{"SHIBUSDT": 0.006363394158955581, "PEPEUSDT": 0.024958871164900972, "WIFUSDT": 0.09832526726655846, "VIRTUALUSDT": 0.06038376184877698, "EIGENUSDT": 0.04187464656317199, "TRBUSDT": 0.035790694823399985}