{"SHIBUSDT": 0.0032225972224254043, "PEPEUSDT": 0.008111605985508561, "WIFUSDT": 0.13997132827160771, "VIRTUALUSDT": 0.0050663159409038835, "EIGENUSDT": 0.027866749993590376, "TRBUSDT": 0.009501167849510236}