{"SHIBUSDT": 0.011939710567914975, "PEPEUSDT": 0.046881493329787666, "WIFUSDT": 0.08866057894177168, "VIRTUALUSDT": 0.04361257939963517, "EIGENUSDT": 0.05454782777923547, "TRBUSDT": 0.047218129335742376}