{"SANDUSDT": 0.08459269767865651, "MANAUSDT": 0.11253836760236609, "AXSUSDT": 0.0822402248646135, "ENJUSDT": 0.12679818968474252, "CHZUSDT": 0.09944939128646253, "THETAUSDT": 0.17998610760405684, "FETUSDT": 0.17245348660992887, "WLDUSDT": 0.1847871104677845, "TAOUSDT": 0.14137509202782833, "GALAUSDT": 0.0862661532993272, "LDOUSDT": 0.1222733036946541, "TIAUSDT": 0.12993217762335368, "LPTUSDT": 0.05732237364046231, "ENAUSDT": 0.1544800907398727, "BATUSDT": 0.06319498816384901, "RVNUSDT": 0.2578025639600659, "ZECUSDT": 0.2763152544989482, "ZILUSDT": 0.08148570338670828, "DOGEUSDT": 0.12059352058911636, "TRUMPUSDT": 0.12943434240207496, "SHIBUSDT": 0.0855505842897923, "PEPEUSDT": 0.22199037366267732, "WIFUSDT": 0.2502572710561323, "VIRTUALUSDT": 0.22285365251635703, "EIGENUSDT": 0.26006650728457825, "TRBUSDT": 0.14611625600089742, "BONKUSDT": 0.2787219684581562, "FLOKIUSDT": 0.13524583240392266, "LUNCUSDT": 0.027236579975336742}