{"SANDUSDT": 0.06666693585091274, "MANAUSDT": 0.04652096396794681, "AXSUSDT": 0.026519401244112895, "ENJUSDT": 0.052613774328879336, "CHZUSDT": 0.048662899808073465, "THETAUSDT": 0.16546689245788307, "FETUSDT": 0.18291435042131385, "WLDUSDT": 0.24306589846141594, "TAOUSDT": 0.07866941516641156, "GALAUSDT": 0.06135618319144909, "LDOUSDT": 0.17134053577418734, "TIAUSDT": 0.11113628157422885, "LPTUSDT": 0.08178395676781175, "ENAUSDT": 0.14460819079218074, "BATUSDT": 0.10064299332349226, "RVNUSDT": 0.3472267719232699, "ZECUSDT": 0.06203540875872451, "ZILUSDT": 0.11645413106903214, "DOGEUSDT": 0.08459138453270904, "TRUMPUSDT": 0.1011907134683166, "SHIBUSDT": 0.11308970257061583, "PEPEUSDT": 0.1758856684327009, "WIFUSDT": 0.26768538631939864, "VIRTUALUSDT": 0.2613191053909037, "EIGENUSDT": 0.21549282641057935, "TRBUSDT": 0.15139709359969913, "BONKUSDT": 0.16191995009796228, "FLOKIUSDT": 0.12344820417013887, "LUNCUSDT": 0.06528328659100399}