{"SANDUSDT": 0.1152504733164109, "MANAUSDT": 0.07625143161363722, "AXSUSDT": 0.0902913884943245, "ENJUSDT": 0.10628628867719675, "CHZUSDT": 0.057160129597935594, "THETAUSDT": 0.17955535274451515, "FETUSDT": 0.1965082533245297, "WLDUSDT": 0.23563055314928094, "TAOUSDT": 0.1563513852156686, "GALAUSDT": 0.11537506185698919, "LDOUSDT": 0.130526715265146, "TIAUSDT": 0.10606112592590858, "LPTUSDT": 0.1076318488671463, "ENAUSDT": 0.19019647654170418, "BATUSDT": 0.06853810890145745, "RVNUSDT": 0.23140662205114493, "ZECUSDT": 0.07157636784398862, "ZILUSDT": 0.056974035198285214, "DOGEUSDT": 0.08973552477887624, "TRUMPUSDT": 0.0710712058772961, "SHIBUSDT": 0.07011914560531983, "PEPEUSDT": 0.21572604251234384, "WIFUSDT": 0.25952645899266447, "VIRTUALUSDT": 0.27278767333604653, "EIGENUSDT": 0.17081007821918734, "TRBUSDT": 0.11402302979959522, "BONKUSDT": 0.19221995240316875, "FLOKIUSDT": 0.1366506477679203, "LUNCUSDT": 0.021909564876407755}