{"SHIBUSDT": 0.06141033466361646, "PEPEUSDT": 0.08558798978062841, "WIFUSDT": 0.18530996394418545, "VIRTUALUSDT": 0.06192159329292529, "EIGENUSDT": 0.1278840991538927, "TRBUSDT": 0.15895576134822095, "BONKUSDT": 0.06142916690438246, "FLOKIUSDT": 0.046425966931349844, "LUNCUSDT": 0.030113295582215188}