{"SANDUSDT": 0.05063021505346505, "MANAUSDT": 0.04077418615708327, "AXSUSDT": 0.04725421773863657, "ENJUSDT": 0.06508383878507452, "CHZUSDT": 0.04328240421386537, "THETAUSDT": 0.09442145388132334, "FETUSDT": 0.1440260973383623, "WLDUSDT": 0.18498347973059484, "TAOUSDT": 0.15876145238985248, "GALAUSDT": 0.04139777054612448, "LDOUSDT": 0.06272704994173364, "TIAUSDT": 0.08766805265336583, "LPTUSDT": 0.0769184259376785, "ENAUSDT": 0.13579091766965665, "BATUSDT": 0.03151464874595062, "RVNUSDT": 0.261582723019037, "ZECUSDT": 0.02476760474065072, "ZILUSDT": 0.03742970340497644, "DOGEUSDT": 0.06252122842763248, "TRUMPUSDT": 0.05760434360749818, "SHIBUSDT": 0.04593736301361607, "PEPEUSDT": 0.1437690612396908, "WIFUSDT": 0.17342768942604028, "VIRTUALUSDT": 0.15442669534300765, "EIGENUSDT": 0.1445620418623544, "TRBUSDT": 0.06361696661156703, "BONKUSDT": 0.14286933532619703, "FLOKIUSDT": 0.07440282260550153, "LUNCUSDT": 0.01627445187970084}