{"SANDUSDT": 0.019000620275922614, "MANAUSDT": 0.04528330155084381, "AXSUSDT": 0.030616858212853218, "ENJUSDT": 0.07320333897903432, "CHZUSDT": 0.02607686406772597, "THETAUSDT": 0.06728720334462825, "FETUSDT": 0.05845049052141816, "WLDUSDT": 0.11886322347600219, "TAOUSDT": 0.12458108096204344, "GALAUSDT": 0.05668648840765739, "LDOUSDT": 0.13313871119687765, "TIAUSDT": 0.08750316156975443, "LPTUSDT": 0.08230900925409346, "ENAUSDT": 0.1366826627925601, "BATUSDT": 0.02265997917070452, "RVNUSDT": 0.24050628870223156, "ZECUSDT": 0.0562467583000921, "ZILUSDT": 0.022819449870047297, "DOGEUSDT": 0.06315539899709538, "TRUMPUSDT": 0.12897255248005587, "SHIBUSDT": 0.027292561827378613, "PEPEUSDT": 0.07146484948761479, "WIFUSDT": 0.1466786460244649, "VIRTUALUSDT": 0.14316977998504926, "EIGENUSDT": 0.19706420598362273, "TRBUSDT": 0.046451968482518716, "BONKUSDT": 0.11594847056535593, "FLOKIUSDT": 0.08226812946937595, "LUNCUSDT": 0.037522801775559944}