{"SANDUSDT": 0.0627471453951624, "MANAUSDT": 0.042427048564279445, "AXSUSDT": 0.0209984172155966, "ENJUSDT": 0.09192026025960676, "CHZUSDT": 0.07177204058625372, "THETAUSDT": 0.12669363591058247, "FETUSDT": 0.2168483005583494, "WLDUSDT": 0.24868173317853906, "TAOUSDT": 0.10419570801001785, "GALAUSDT": 0.07558720884082668, "LDOUSDT": 0.17510116129596187, "TIAUSDT": 0.11233553605665292, "LPTUSDT": 0.07373708684551197, "ENAUSDT": 0.16927260590447932, "BATUSDT": 0.07985060659666877, "RVNUSDT": 0.30587984509240845, "ZECUSDT": 0.058536897425694845, "ZILUSDT": 0.08047497623770543, "DOGEUSDT": 0.0797134558279019, "TRUMPUSDT": 0.11838424726148583, "SHIBUSDT": 0.10040525026720776, "PEPEUSDT": 0.17152429738807004, "WIFUSDT": 0.2657372450220683, "VIRTUALUSDT": 0.23158786611904053, "EIGENUSDT": 0.20615047398821118, "TRBUSDT": 0.11791063602324992, "BONKUSDT": 0.21223762534507096, "FLOKIUSDT": 0.1299303758291516, "LUNCUSDT": 0.05350247233940482}