{"SANDUSDT": 0.0823344251869567, "MANAUSDT": 0.05424393916762857, "AXSUSDT": 0.03887218041639375, "ENJUSDT": 0.11044046730316696, "CHZUSDT": 0.07880335226297568, "THETAUSDT": 0.10822556570861307, "FETUSDT": 0.2031880488932697, "WLDUSDT": 0.20739976158622453, "TAOUSDT": 0.1302231232824178, "GALAUSDT": 0.09523951813061741, "LDOUSDT": 0.15370586562903982, "TIAUSDT": 0.1438681320841503, "LPTUSDT": 0.1335949854608627, "ENAUSDT": 0.16904057653942064, "BATUSDT": 0.07198682245731668, "RVNUSDT": 0.37957333988474967, "ZECUSDT": 0.0733211547944408, "ZILUSDT": 0.12092035283428568, "DOGEUSDT": 0.1306708855729217, "TRUMPUSDT": 0.11291977418020988, "SHIBUSDT": 0.09561906348070665, "PEPEUSDT": 0.1991951737790346, "WIFUSDT": 0.2517124771418321, "VIRTUALUSDT": 0.18563960001306667, "EIGENUSDT": 0.20728486143052838, "TRBUSDT": 0.11432197294917468, "BONKUSDT": 0.2471539817328857, "FLOKIUSDT": 0.11233545936674844, "LUNCUSDT": 0.08797046764128501}