{"SANDUSDT": 0.06563387719225341, "MANAUSDT": 0.04664137910796461, "AXSUSDT": 0.03731869134073701, "ENJUSDT": 0.09058301730335061, "CHZUSDT": 0.09742633103757828, "THETAUSDT": 0.10396024493654443, "FETUSDT": 0.2243069106187623, "WLDUSDT": 0.16299280319925283, "TAOUSDT": 0.12258236610347419, "GALAUSDT": 0.10763343479753498, "LDOUSDT": 0.1468106517661525, "TIAUSDT": 0.1490696424548445, "LPTUSDT": 0.07745065764162065, "ENAUSDT": 0.18423763032950047, "BATUSDT": 0.09275832819334529, "RVNUSDT": 0.29127268963471475, "ZECUSDT": 0.08242547970203946, "ZILUSDT": 0.12543629975125645, "DOGEUSDT": 0.16883843578361332, "TRUMPUSDT": 0.10466329044833758, "SHIBUSDT": 0.09467452622165665, "PEPEUSDT": 0.17130673972654564, "WIFUSDT": 0.1832261636408732, "VIRTUALUSDT": 0.13153250159930688, "EIGENUSDT": 0.2335149916290034, "TRBUSDT": 0.120653635108162, "BONKUSDT": 0.21714981482902349, "FLOKIUSDT": 0.13172430916809136, "LUNCUSDT": 0.06913126456531096}