{"SHIBUSDT": 0.009165900638262394, "PEPEUSDT": 0.04324561778200313, "WIFUSDT": 0.0620367043654808, "VIRTUALUSDT": 0.06619154235888691, "EIGENUSDT": 0.042640190815512236, "TRBUSDT": 0.013101010098904624}