{"SHIBUSDT": 0.06520208726034434, "PEPEUSDT": 0.17533501014064942, "WIFUSDT": 0.22676078156059815, "VIRTUALUSDT": 0.13967667899082184, "EIGENUSDT": 0.1558280645126385, "TRBUSDT": 0.06397344980393688, "BONKUSDT": 0.13163875073355438, "FLOKIUSDT": 0.11837500821629257, "LUNCUSDT": 0.048906288991465915}