{"SANDUSDT": 0.07613200895821566, "MANAUSDT": 0.03780251534370364, "AXSUSDT": 0.023712842915361566, "ENJUSDT": 0.08783087774489795, "CHZUSDT": 0.06230423114448533, "THETAUSDT": 0.1641723766055152, "FETUSDT": 0.2227269846561496, "WLDUSDT": 0.18224500356737, "TAOUSDT": 0.084044548876767, "GALAUSDT": 0.08051647020434205, "LDOUSDT": 0.1800731982791077, "TIAUSDT": 0.11383460210717977, "LPTUSDT": 0.10046478828487428, "ENAUSDT": 0.14142270962365217, "BATUSDT": 0.10276238217983336, "RVNUSDT": 0.3152490248353352, "ZECUSDT": 0.05476706249416578, "ZILUSDT": 0.10379793981417447, "DOGEUSDT": 0.13212999884344487, "TRUMPUSDT": 0.11383725470860498, "SHIBUSDT": 0.09658016204150442, "PEPEUSDT": 0.1543227177668687, "WIFUSDT": 0.2020380807944728, "VIRTUALUSDT": 0.18700866789001486, "EIGENUSDT": 0.19161791924860508, "TRBUSDT": 0.11808626194642691, "BONKUSDT": 0.13642005459923148, "FLOKIUSDT": 0.11295378018246288, "LUNCUSDT": 0.06128187975911313}