{"SANDUSDT": 0.05755532556805773, "MANAUSDT": 0.035222096159907325, "AXSUSDT": 0.04734661364924642, "ENJUSDT": 0.02776228046345488, "CHZUSDT": 0.03414972741603053, "THETAUSDT": 0.056508116381890405, "FETUSDT": 0.18673478588167655, "WLDUSDT": 0.10322308701678315, "TAOUSDT": 0.20442020192560484, "GALAUSDT": 0.07215203986363537, "LDOUSDT": 0.10579347233482386, "TIAUSDT": 0.11281187715008147, "LPTUSDT": 0.07275473151696812, "ENAUSDT": 0.162663342632847, "BATUSDT": 0.017980250121437443, "RVNUSDT": 0.1237932195469567, "ZECUSDT": 0.06793257592674466, "ZILUSDT": 0.0049501894802389855, "DOGEUSDT": 0.019783617983392596, "TRUMPUSDT": 0.1450257951833788, "SHIBUSDT": 0.04919744123723381, "PEPEUSDT": 0.11760564323195268, "WIFUSDT": 0.17004031370186712, "VIRTUALUSDT": 0.179086791037127, "EIGENUSDT": 0.1895867253238691, "TRBUSDT": 0.08350921322776425, "BONKUSDT": 0.11440498811256808, "FLOKIUSDT": 0.06916508099411585, "LUNCUSDT": 0.02188801354548601}