{"SHIBUSDT": 0.0025248920870185056, "PEPEUSDT": 0.024051751961726354, "WIFUSDT": 0.045258976716808126, "VIRTUALUSDT": 0.04617750762871672, "EIGENUSDT": 0.01216021721278895, "TRBUSDT": 0.015860069615724254}