{"SANDUSDT": 0.1467083310802291, "MANAUSDT": 0.06996142034442886, "AXSUSDT": 0.11422665206312275, "ENJUSDT": 0.1534320437840676, "CHZUSDT": 0.07844114806855675, "THETAUSDT": 0.2179532402652569, "FETUSDT": 0.19334635737192546, "WLDUSDT": 0.23710774494828252, "TAOUSDT": 0.16631461999623579, "GALAUSDT": 0.10342279906148415, "LDOUSDT": 0.15088081032090803, "TIAUSDT": 0.17405108937760613, "LPTUSDT": 0.17898707038475828, "ENAUSDT": 0.14414694852466742, "BATUSDT": 0.100982109056841, "RVNUSDT": 0.3277271711353076, "ZECUSDT": 0.08170008504061049, "ZILUSDT": 0.10190694135377255, "DOGEUSDT": 0.12509099649338637, "TRUMPUSDT": 0.1229519609054672, "SHIBUSDT": 0.09901723169790357, "PEPEUSDT": 0.23426180258159868, "WIFUSDT": 0.23085825794041273, "VIRTUALUSDT": 0.24984890888694403, "EIGENUSDT": 0.2745005484629, "TRBUSDT": 0.14850721912698683, "BONKUSDT": 0.21363323957057948, "FLOKIUSDT": 0.11573333291361293, "LUNCUSDT": 0.061922272134006626}