{"SANDUSDT": 0.036281121837811466, "MANAUSDT": 0.05335645864729127, "AXSUSDT": 0.05620514883822756, "ENJUSDT": 0.08986517419552582, "CHZUSDT": 0.0620415913577247, "THETAUSDT": 0.09439580524860347, "FETUSDT": 0.17450839762291398, "WLDUSDT": 0.1141806589574648, "TAOUSDT": 0.19825038318771393, "GALAUSDT": 0.08740796450948266, "LDOUSDT": 0.12521679230171195, "TIAUSDT": 0.09084112665833544, "LPTUSDT": 0.06783064105620076, "ENAUSDT": 0.10330270935047876, "BATUSDT": 0.056386482293023926, "RVNUSDT": 0.1920350329078244, "ZECUSDT": 0.11601937972648178, "ZILUSDT": 0.07813239251371998, "DOGEUSDT": 0.08673257088270042, "TRUMPUSDT": 0.05965212158796633, "SHIBUSDT": 0.041552846546491176, "PEPEUSDT": 0.09571354527553999, "WIFUSDT": 0.19182099137003308, "VIRTUALUSDT": 0.1881225095830306, "EIGENUSDT": 0.1747138591234912, "TRBUSDT": 0.12417816463629168, "BONKUSDT": 0.12553441070381563, "FLOKIUSDT": 0.08450787591859216, "LUNCUSDT": 0.05379774061249823}