{"SANDUSDT": 0.02056619504077643, "MANAUSDT": 0.02091506317851233, "AXSUSDT": 0.036601633226753985, "ENJUSDT": 0.058978234890285475, "CHZUSDT": 0.02433652597762328, "THETAUSDT": 0.08170348221469904, "FETUSDT": 0.1471731085663766, "WLDUSDT": 0.12371811358359008, "TAOUSDT": 0.07611026831066808, "GALAUSDT": 0.03508321203109483, "LDOUSDT": 0.07896531095208469, "TIAUSDT": 0.09180019771250222, "LPTUSDT": 0.031570647218778655, "ENAUSDT": 0.09258541975662221, "BATUSDT": 0.036386129615022335, "RVNUSDT": 0.11464669649415805, "ZECUSDT": 0.09257471743083023, "ZILUSDT": 0.031085689140905298, "DOGEUSDT": 0.027569456597198946, "TRUMPUSDT": 0.0520453503188601, "SHIBUSDT": 0.04201273303473857, "PEPEUSDT": 0.16074513375651675, "WIFUSDT": 0.248384564121557, "VIRTUALUSDT": 0.04254683260480068, "EIGENUSDT": 0.17901605710023127, "TRBUSDT": 0.10475644213603394, "BONKUSDT": 0.17981710914371984, "FLOKIUSDT": 0.09919579254245273, "LUNCUSDT": 0.0253943969211041}