{"SHIBUSDT": 0.010698767826968528, "PEPEUSDT": 0.06738708452173267, "WIFUSDT": 0.013730025470754768, "VIRTUALUSDT": 0.025517969759183353, "EIGENUSDT": 0.05212226514367799, "TRBUSDT": 0.09436765413414662}