{"SANDUSDT": 0.01429177094479982, "MANAUSDT": 0.01988032008050441, "AXSUSDT": 0.02029431882055491, "ENJUSDT": 0.07204354682246752, "CHZUSDT": 0.024195816443788445, "THETAUSDT": 0.12821040873611397, "FETUSDT": 0.0494136707987367, "WLDUSDT": 0.10695217048142056, "TAOUSDT": 0.06258286315856262, "GALAUSDT": 0.05003721910716086, "LDOUSDT": 0.10618964394873819, "TIAUSDT": 0.0702381729097154, "LPTUSDT": 0.07642841381580912, "ENAUSDT": 0.08191619137965944, "BATUSDT": 0.02222229673011547, "RVNUSDT": 0.13647949615871807, "ZECUSDT": 0.06660039014284128, "ZILUSDT": 0.02085892902901172, "DOGEUSDT": 0.031155962471746332, "TRUMPUSDT": 0.0878504835979825, "SHIBUSDT": 0.06493864600104637, "PEPEUSDT": 0.12547981030714228, "WIFUSDT": 0.11989735199622634, "VIRTUALUSDT": 0.2452001727540419, "EIGENUSDT": 0.18527888430039635, "TRBUSDT": 0.0414489470185223, "BONKUSDT": 0.09162101601387715, "FLOKIUSDT": 0.08212017995548138, "LUNCUSDT": 0.03172445104108294}