{"SHIBUSDT": 0.04961363470294864, "PEPEUSDT": 0.14581613167064503, "WIFUSDT": 0.20628753530001248, "VIRTUALUSDT": 0.10938927073039961, "EIGENUSDT": 0.0901509350984373, "TRBUSDT": 0.23934361342806235, "BONKUSDT": 0.11010887150740252, "FLOKIUSDT": 0.14661611688285683, "LUNCUSDT": 0.02990946767562797}