{"SHIBUSDT": 0.004293292112075837, "PEPEUSDT": 0.013004545047366587, "WIFUSDT": 0.0696700549186113, "VIRTUALUSDT": 0.10323267509752326, "EIGENUSDT": 0.10206130131857592, "TRBUSDT": 0.03398888539621514}