{"SANDUSDT": 0.058603208972694124, "MANAUSDT": 0.08080186537095564, "AXSUSDT": 0.0493361502097631, "ENJUSDT": 0.08615130211123703, "CHZUSDT": 0.03949096445348246, "THETAUSDT": 0.08413283559502263, "FETUSDT": 0.16439672957519372, "WLDUSDT": 0.2019759268995122, "TAOUSDT": 0.1359815559944909, "GALAUSDT": 0.05905971267298226, "LDOUSDT": 0.06624550581260066, "TIAUSDT": 0.08770230149118798, "LPTUSDT": 0.0661158335744835, "ENAUSDT": 0.17667554791955872, "BATUSDT": 0.03644670815958075, "RVNUSDT": 0.328337379203402, "ZECUSDT": 0.052571051977811985, "ZILUSDT": 0.0672136624542559, "DOGEUSDT": 0.0690518372074277, "TRUMPUSDT": 0.10141446936573845, "SHIBUSDT": 0.04101520702589439, "PEPEUSDT": 0.19148525175094117, "WIFUSDT": 0.2014804784574966, "VIRTUALUSDT": 0.09186998915594777, "EIGENUSDT": 0.1530958824086928, "TRBUSDT": 0.11317208179536291, "BONKUSDT": 0.12778047638989656, "FLOKIUSDT": 0.08052706497092761, "LUNCUSDT": 0.01972626164163055}