{"SHIBUSDT": 0.01048484194262237, "PEPEUSDT": 0.07807126192915877, "WIFUSDT": 0.04924977327305277, "VIRTUALUSDT": 0.033974254762637976, "EIGENUSDT": 0.05232221079765041, "TRBUSDT": 0.08413657562139604}