{"SANDUSDT": 0.11628939131828855, "MANAUSDT": 0.09010971229185076, "AXSUSDT": 0.0724183013854585, "ENJUSDT": 0.15600041483354338, "CHZUSDT": 0.07820502847738794, "THETAUSDT": 0.17119377553327375, "FETUSDT": 0.23688267093782522, "WLDUSDT": 0.15764034814200586, "TAOUSDT": 0.15071064111809582, "GALAUSDT": 0.1231730205442968, "LDOUSDT": 0.1617333576438406, "TIAUSDT": 0.1459535233292872, "LPTUSDT": 0.12822502425072688, "ENAUSDT": 0.16783517938978912, "BATUSDT": 0.10603510014514807, "RVNUSDT": 0.20827913103725254, "ZECUSDT": 0.053313437806855046, "ZILUSDT": 0.07172700782259038, "DOGEUSDT": 0.1643805254133158, "TRUMPUSDT": 0.14492513584250075, "SHIBUSDT": 0.10095072709522439, "PEPEUSDT": 0.16060522294418184, "WIFUSDT": 0.24285573450452327, "VIRTUALUSDT": 0.1250106976917589, "EIGENUSDT": 0.20171615576100738, "TRBUSDT": 0.0692205145320819, "BONKUSDT": 0.20157387864496198, "FLOKIUSDT": 0.17847465643177432, "LUNCUSDT": 0.05967282064441119}