{"SHIBUSDT": 0.016619269141180202, "PEPEUSDT": 0.05285824983075309, "WIFUSDT": 0.08422384100334632, "VIRTUALUSDT": 0.05358451111737575, "EIGENUSDT": 0.056615611483665514, "TRBUSDT": 0.028034660236424123}