{"SANDUSDT": 0.04554722329160167, "MANAUSDT": 0.08349002839231652, "AXSUSDT": 0.05794773720050546, "ENJUSDT": 0.04570226074072412, "CHZUSDT": 0.040464339923742286, "THETAUSDT": 0.09940653537742906, "FETUSDT": 0.040020098007665345, "WLDUSDT": 0.10525151800181302, "TAOUSDT": 0.14658911447491454, "GALAUSDT": 0.08024472104674427, "LDOUSDT": 0.09191606070229083, "TIAUSDT": 0.06959854894480351, "LPTUSDT": 0.0825814023399785, "ENAUSDT": 0.04894717134098356, "BATUSDT": 0.05086463767789374, "RVNUSDT": 0.5902129195660585, "ZECUSDT": 0.03147074539966885, "ZILUSDT": 0.05517478143544235, "DOGEUSDT": 0.05043455291179308, "TRUMPUSDT": 0.06055416514923764, "SHIBUSDT": 0.0323512822222273, "PEPEUSDT": 0.13485956065967164, "WIFUSDT": 0.14659061419565123, "VIRTUALUSDT": 0.1430781224800026, "EIGENUSDT": 0.16493349531552934, "TRBUSDT": 0.10939660272246254, "BONKUSDT": 0.1467312402850715, "FLOKIUSDT": 0.07398041305523244, "LUNCUSDT": 0.04684248491724989}