{"SANDUSDT": 0.027714949894337867, "MANAUSDT": 0.012461345147068332, "AXSUSDT": 0.01734311535231582, "ENJUSDT": 0.1080374713962307, "CHZUSDT": 0.012948929798493568, "THETAUSDT": 0.0687110123708713, "FETUSDT": 0.21156527999162184, "WLDUSDT": 0.06755476486544462, "TAOUSDT": 0.17996566829735147, "GALAUSDT": 0.020531896152717312, "LDOUSDT": 0.09298479054417605, "TIAUSDT": 0.0946113814837874, "LPTUSDT": 0.060339513265272676, "ENAUSDT": 0.09894396602530817, "BATUSDT": 0.023626109086434574, "RVNUSDT": 0.09386636309331867, "ZECUSDT": 0.017296819497263898, "ZILUSDT": 0.010655095062363076, "DOGEUSDT": 0.022923687627397455, "TRUMPUSDT": 0.12637957789341153, "SHIBUSDT": 0.042780703230641724, "PEPEUSDT": 0.08145141141298694, "WIFUSDT": 0.09742062223891414, "VIRTUALUSDT": 0.18815763006085662, "EIGENUSDT": 0.1384864778694159, "TRBUSDT": 0.05781107676231464, "BONKUSDT": 0.08568122996982508, "FLOKIUSDT": 0.02636963154700457, "LUNCUSDT": 0.035546706075832844}