{"SHIBUSDT": 0.009133468234733948, "PEPEUSDT": 0.04675530227772404, "WIFUSDT": 0.07503420964794022, "VIRTUALUSDT": 0.041209265594027315, "EIGENUSDT": 0.04511695514330072, "TRBUSDT": 0.016304715938423243}