{"SHIBUSDT": 0.009964757633053179, "PEPEUSDT": 0.04156476091359714, "WIFUSDT": 0.15985889833678057, "VIRTUALUSDT": 0.08522596077521259, "EIGENUSDT": 0.0627898786595465, "TRBUSDT": 0.03772992281733226}