{"SHIBUSDT": 0.002530153287062725, "PEPEUSDT": 0.03337677441715108, "WIFUSDT": 0.04914742955541145}