{"SHIBUSDT": 0.08332064503140191, "PEPEUSDT": 0.19358627965990388, "WIFUSDT": 0.19159379966843226, "VIRTUALUSDT": 0.2197857040537732, "EIGENUSDT": 0.29429551842491203, "TRBUSDT": 0.15597220542804258, "BONKUSDT": 0.11031192634642271, "FLOKIUSDT": 0.18082885780953023, "LUNCUSDT": 0.023139767698322704}