{"SANDUSDT": 0.0572795819204795, "MANAUSDT": 0.04353434996066053, "AXSUSDT": 0.045970735415594474, "ENJUSDT": 0.04132931534666837, "CHZUSDT": 0.0369002024697773, "THETAUSDT": 0.09487593414285711, "FETUSDT": 0.1724667955620118, "WLDUSDT": 0.12458488417428414, "TAOUSDT": 0.23936953103890554, "GALAUSDT": 0.07558519770048962, "LDOUSDT": 0.10116327372169265, "TIAUSDT": 0.11115428851302049, "LPTUSDT": 0.07327098387207044, "ENAUSDT": 0.17645182816619898, "BATUSDT": 0.026708104723019623, "RVNUSDT": 0.1480168029879164, "ZECUSDT": 0.08304380717791295, "ZILUSDT": 0.02203107510665591, "DOGEUSDT": 0.02301766526595868, "TRUMPUSDT": 0.1403153617970672, "SHIBUSDT": 0.0242436943881797, "PEPEUSDT": 0.13780662671105484, "WIFUSDT": 0.20387772225261214, "VIRTUALUSDT": 0.17197948172499064, "EIGENUSDT": 0.14819844755830094, "TRBUSDT": 0.06303652982556786, "BONKUSDT": 0.11105363245775705, "FLOKIUSDT": 0.0834119271182502, "LUNCUSDT": 0.015295607294658713}