{"SHIBUSDT": 0.00752352813562917, "PEPEUSDT": 0.027044301020808046, "WIFUSDT": 0.03363918220881602, "VIRTUALUSDT": 0.009048834274661416, "EIGENUSDT": 0.00878256255276418, "TRBUSDT": 0.023784717232191714}