{"SHIBUSDT": 0.017676714722255148, "PEPEUSDT": 0.04459027841618104, "WIFUSDT": 0.0938135352799753, "VIRTUALUSDT": 0.0925869922327152, "EIGENUSDT": 0.08082325044093905, "TRBUSDT": 0.08019027288805818}