{"SANDUSDT": 0.07474193789109367, "MANAUSDT": 0.0710892179302796, "AXSUSDT": 0.054616867890256916, "ENJUSDT": 0.10587123126271235, "CHZUSDT": 0.07268899603091539, "THETAUSDT": 0.10329973457491749, "FETUSDT": 0.11622673474425184, "WLDUSDT": 0.12815381912998147, "TAOUSDT": 0.11729450611142607, "GALAUSDT": 0.08993291625473845, "LDOUSDT": 0.10347891987415736, "TIAUSDT": 0.1302359325684237, "LPTUSDT": 0.09092543443653851, "ENAUSDT": 0.1475428447030729, "BATUSDT": 0.045518158224900566, "RVNUSDT": 0.3002886214156661, "ZECUSDT": 0.13008299917675087, "ZILUSDT": 0.05551933382605557, "DOGEUSDT": 0.0709933846902267, "TRUMPUSDT": 0.1162138980855882, "SHIBUSDT": 0.04896136978701058, "PEPEUSDT": 0.13641485222344338, "WIFUSDT": 0.18074247482636113, "VIRTUALUSDT": 0.3095202037336444, "EIGENUSDT": 0.21694205891097193, "TRBUSDT": 0.15620618293601074, "BONKUSDT": 0.18361307772052335, "FLOKIUSDT": 0.12645331158891315, "LUNCUSDT": 0.04782914307747019}