{"SANDUSDT": 0.04758122143418553, "MANAUSDT": 0.028591336851663714, "AXSUSDT": 0.02906663381850976, "ENJUSDT": 0.1269474131353581, "CHZUSDT": 0.06494938676286358, "THETAUSDT": 0.17230274798969436, "FETUSDT": 0.21155686954369576, "WLDUSDT": 0.1814436320638551, "TAOUSDT": 0.15874354477874547, "GALAUSDT": 0.08890600833556715, "LDOUSDT": 0.1698352028376688, "TIAUSDT": 0.09628182173316345, "LPTUSDT": 0.10076875474320482, "ENAUSDT": 0.18042196150517092, "BATUSDT": 0.07649521041408215, "RVNUSDT": 0.32026668990949236, "ZECUSDT": 0.1248902142721438, "ZILUSDT": 0.10033087094991, "DOGEUSDT": 0.09409035175851717, "TRUMPUSDT": 0.11579308394035574, "SHIBUSDT": 0.07412301420955429, "PEPEUSDT": 0.17829005890986196, "WIFUSDT": 0.21542467515986488, "VIRTUALUSDT": 0.19305046304248208, "EIGENUSDT": 0.22201185213087132, "TRBUSDT": 0.13103967064498603, "BONKUSDT": 0.22387622283862293, "FLOKIUSDT": 0.12434670188879655, "LUNCUSDT": 0.017619489366460225}