{"SANDUSDT": 0.09277740695775301, "MANAUSDT": 0.0385580214941418, "AXSUSDT": 0.04772557788033844, "ENJUSDT": 0.11600318803845673, "CHZUSDT": 0.0475641935769435, "THETAUSDT": 0.16230811635831896, "FETUSDT": 0.2738871714649991, "WLDUSDT": 0.27533421735735053, "TAOUSDT": 0.08911410368283838, "GALAUSDT": 0.15270336331628756, "LDOUSDT": 0.13424582228120657, "TIAUSDT": 0.1759695760990532, "LPTUSDT": 0.0563831070923179, "ENAUSDT": 0.18700289028356928, "BATUSDT": 0.06113800328337951, "RVNUSDT": 0.1356421153056728, "ZECUSDT": 0.06629882353841555, "ZILUSDT": 0.031435349231893985, "DOGEUSDT": 0.0946970734741662, "TRUMPUSDT": 0.08187719418034822, "SHIBUSDT": 0.17271123868965116, "PEPEUSDT": 0.19946865402326247, "WIFUSDT": 0.17772382577250195, "VIRTUALUSDT": 0.12454736150453866, "EIGENUSDT": 0.13830164666312206, "TRBUSDT": 0.03896690264991826, "BONKUSDT": 0.15312435433812122, "FLOKIUSDT": 0.14504560889850804, "LUNCUSDT": 0.020851354475920226}