{"SANDUSDT": 0.06926218700975763, "MANAUSDT": 0.03973438732505733, "AXSUSDT": 0.022874481669381302, "ENJUSDT": 0.12628896510855994, "CHZUSDT": 0.05047927514412158, "THETAUSDT": 0.14958920559110717, "FETUSDT": 0.224583586816879, "WLDUSDT": 0.21270982783116307, "TAOUSDT": 0.07416703586786387, "GALAUSDT": 0.08061420259750633, "LDOUSDT": 0.15354950906872522, "TIAUSDT": 0.10714561180326163, "LPTUSDT": 0.08838679870009233, "ENAUSDT": 0.1121916384786708, "BATUSDT": 0.07930141402140392, "RVNUSDT": 0.3376805217453784, "ZECUSDT": 0.0592433391315776, "ZILUSDT": 0.11201329761467681, "DOGEUSDT": 0.1175068811513577, "TRUMPUSDT": 0.06546995728177217, "SHIBUSDT": 0.09566476554167182, "PEPEUSDT": 0.1548256995971612, "WIFUSDT": 0.24033609225875752, "VIRTUALUSDT": 0.23944622157977535, "EIGENUSDT": 0.18604587683449467, "TRBUSDT": 0.14704633402624925, "BONKUSDT": 0.13626661129912804, "FLOKIUSDT": 0.10996311868312875, "LUNCUSDT": 0.04781175256778437}