{"SHIBUSDT": 0.01857970866866278, "PEPEUSDT": 0.08015482696016957, "WIFUSDT": 0.11778827071124388, "VIRTUALUSDT": 0.12113673940332002, "EIGENUSDT": 0.13649641230880435, "TRBUSDT": 0.08411141084431543, "BONKUSDT": 0.10462329251998977, "FLOKIUSDT": 0.03666467636213198, "LUNCUSDT": 0.02583363919072378}