{"SANDUSDT": 0.011770038607198453, "MANAUSDT": 0.030601124808805842, "AXSUSDT": 0.01839911300198468, "ENJUSDT": 0.07597032986719339, "CHZUSDT": 0.02116167066628032, "THETAUSDT": 0.07358125724859843, "FETUSDT": 0.11579639775433646, "WLDUSDT": 0.06153958577976789, "TAOUSDT": 0.1271069311757139, "GALAUSDT": 0.04181626479054636, "LDOUSDT": 0.07681499090537966, "TIAUSDT": 0.07102977725835542, "LPTUSDT": 0.04293077459612404, "ENAUSDT": 0.07417621734417287, "BATUSDT": 0.010035239366475423, "RVNUSDT": 0.18125437456030058, "ZECUSDT": 0.07043280258950073, "ZILUSDT": 0.016743754568799177, "DOGEUSDT": 0.04344687910175512, "TRUMPUSDT": 0.07018769633173566, "SHIBUSDT": 0.03881931175395956, "PEPEUSDT": 0.09564717139672493, "WIFUSDT": 0.17466354570420958, "VIRTUALUSDT": 0.15260227456431988, "EIGENUSDT": 0.11183479824727599, "TRBUSDT": 0.0733799146827716, "BONKUSDT": 0.10118423300982281, "FLOKIUSDT": 0.058419542832215655, "LUNCUSDT": 0.038309432717972616}