{"SHIBUSDT": 0.002530010971446792, "PEPEUSDT": 0.020603010514148486, "WIFUSDT": 0.02157112990764787, "VIRTUALUSDT": 0.03693246545754677, "EIGENUSDT": 0.009126480935643866, "TRBUSDT": 0.016880368562534276}