{"SANDUSDT": 0.031032030441121235, "MANAUSDT": 0.014943890709637102, "AXSUSDT": 0.015114076235686258, "ENJUSDT": 0.04203580222816794, "CHZUSDT": 0.011286205674270284, "THETAUSDT": 0.059247638289343596, "FETUSDT": 0.23376290240872852, "WLDUSDT": 0.12429343816685656, "TAOUSDT": 0.10632783516724013, "GALAUSDT": 0.017332691501928798, "LDOUSDT": 0.11061997063914197, "TIAUSDT": 0.04913869673684289, "LPTUSDT": 0.08460865129058655, "ENAUSDT": 0.1494788083787648, "BATUSDT": 0.04232374462606877, "RVNUSDT": 0.17860390434354995, "ZECUSDT": 0.02044161764692822, "ZILUSDT": 0.007099387677736421, "DOGEUSDT": 0.033398808139566444, "TRUMPUSDT": 0.15260696602169319, "SHIBUSDT": 0.07095426456485293, "PEPEUSDT": 0.09047006148410909, "WIFUSDT": 0.16317094080038563, "VIRTUALUSDT": 0.13160074155379647, "EIGENUSDT": 0.22953922295782167, "TRBUSDT": 0.03521856311085801, "BONKUSDT": 0.13400715349314993, "FLOKIUSDT": 0.018188467923021197, "LUNCUSDT": 0.008403745186507225}