{"SHIBUSDT": 0.003310461780420381, "PEPEUSDT": 0.00721122228793704, "WIFUSDT": 0.1484954143952078, "VIRTUALUSDT": 0.0050663159409038835, "EIGENUSDT": 0.03168467151740473, "TRBUSDT": 0.008429949620277889}