{"SANDUSDT": 0.13789946721416182, "MANAUSDT": 0.07432272859377768, "AXSUSDT": 0.11422665206312275, "ENJUSDT": 0.1534320437840676, "CHZUSDT": 0.07844114806855675, "THETAUSDT": 0.22006870698153888, "FETUSDT": 0.19334635737192546, "WLDUSDT": 0.28574618967333076, "TAOUSDT": 0.18211308894000494, "GALAUSDT": 0.10342279906148415, "LDOUSDT": 0.13016763354756394, "TIAUSDT": 0.1615234387358331, "LPTUSDT": 0.18305534615126437, "ENAUSDT": 0.14414694852466742, "BATUSDT": 0.100982109056841, "RVNUSDT": 0.2776630702008654, "ZECUSDT": 0.09196682033605928, "ZILUSDT": 0.1041033680204325, "DOGEUSDT": 0.12509099649338637, "TRUMPUSDT": 0.126199773927615, "SHIBUSDT": 0.09863271853412552, "PEPEUSDT": 0.27973323982559095, "WIFUSDT": 0.20067325981756592, "VIRTUALUSDT": 0.23255558640099372, "EIGENUSDT": 0.2745005484629, "TRBUSDT": 0.1440796991280034, "BONKUSDT": 0.21363323957057948, "FLOKIUSDT": 0.11573333291361293, "LUNCUSDT": 0.06554824883760318}