{"SANDUSDT": 0.04525400471156412, "MANAUSDT": 0.024529106582995994, "AXSUSDT": 0.04474859853523452, "ENJUSDT": 0.11172812257275477, "CHZUSDT": 0.09390331404719997, "THETAUSDT": 0.16828853056769946, "FETUSDT": 0.19545198050093943, "WLDUSDT": 0.26514276100120143, "TAOUSDT": 0.12949472612736931, "GALAUSDT": 0.07265600938837219, "LDOUSDT": 0.16098058601950066, "TIAUSDT": 0.09259805466137608, "LPTUSDT": 0.08975711208983005, "ENAUSDT": 0.15930062985626844, "BATUSDT": 0.0797178652707845, "RVNUSDT": 0.29441218164542304, "ZECUSDT": 0.10379978482784322, "ZILUSDT": 0.10552064604972163, "DOGEUSDT": 0.09170141564594052, "TRUMPUSDT": 0.08527144251734545, "SHIBUSDT": 0.0684606458313351, "PEPEUSDT": 0.14982215227608164, "WIFUSDT": 0.20469480529185005, "VIRTUALUSDT": 0.21480833956897114, "EIGENUSDT": 0.21946671045511312, "TRBUSDT": 0.10669387026717357, "BONKUSDT": 0.20832308237233269, "FLOKIUSDT": 0.13042189079210148, "LUNCUSDT": 0.021567465463331093}