{"SHIBUSDT": 0.027639914380976644, "PEPEUSDT": 0.07224031551547158, "WIFUSDT": 0.09608724419113908, "VIRTUALUSDT": 0.06556682359982012, "EIGENUSDT": 0.07951779262567532, "TRBUSDT": 0.09278163235832455, "BONKUSDT": 0.053472081107010114, "FLOKIUSDT": 0.0926406215718413, "LUNCUSDT": 0.015078673830567324}