{"SHIBUSDT": 0.012130058707859668, "PEPEUSDT": 0.059159394991631545, "WIFUSDT": 0.12192823790705641, "VIRTUALUSDT": 0.03386636537858256, "EIGENUSDT": 0.07267552303976973, "TRBUSDT": 0.1501299594962267}