{"SHIBUSDT": 0.08972461869076916, "PEPEUSDT": 0.11620584762044378, "WIFUSDT": 0.140011147653299, "VIRTUALUSDT": 0.051049497133848855, "EIGENUSDT": 0.10701899011518563, "TRBUSDT": 0.06332122542801417, "BONKUSDT": 0.11581953152866299, "FLOKIUSDT": 0.0584615797000416, "LUNCUSDT": 0.0119244962518247}