{"SANDUSDT": 0.018417426410702736, "MANAUSDT": 0.018471916904237617, "AXSUSDT": 0.020329243360245417, "ENJUSDT": 0.04398571697694796, "CHZUSDT": 0.017956313478845774, "THETAUSDT": 0.0176637920123659, "FETUSDT": 0.07971054271104701, "WLDUSDT": 0.1214544320101218, "TAOUSDT": 0.09804973890517624, "GALAUSDT": 0.022388584238019846, "LDOUSDT": 0.08408958347572039, "TIAUSDT": 0.09915496465387806, "LPTUSDT": 0.037919109123283876, "ENAUSDT": 0.1280657936595623, "BATUSDT": 0.008789869134772572, "RVNUSDT": 0.27014298520286956, "ZECUSDT": 0.04811022508313389, "ZILUSDT": 0.016664109722932776, "DOGEUSDT": 0.03865908004002242, "TRUMPUSDT": 0.13100718345757098, "SHIBUSDT": 0.0176065227513165, "PEPEUSDT": 0.0404201884538144, "WIFUSDT": 0.13894464658671302, "VIRTUALUSDT": 0.14797969221259757, "EIGENUSDT": 0.13987223081654748, "TRBUSDT": 0.0546767535548942, "BONKUSDT": 0.05700862594486377, "FLOKIUSDT": 0.02734645423521001, "LUNCUSDT": 0.01692853858864159}