{"SHIBUSDT": 0.019017222691568754, "PEPEUSDT": 0.05178471563557289, "WIFUSDT": 0.07315179549951627, "VIRTUALUSDT": 0.07581073950888378, "EIGENUSDT": 0.027300896763519374, "TRBUSDT": 0.035930443859947155}