{"SANDUSDT": 0.035600276870093775, "MANAUSDT": 0.05393551506984137, "AXSUSDT": 0.08560291051841744, "ENJUSDT": 0.1022409810943255, "CHZUSDT": 0.04415702020772029, "THETAUSDT": 0.09506528273321617, "FETUSDT": 0.15936357092915907, "WLDUSDT": 0.17915950738164138, "TAOUSDT": 0.10993542030822623, "GALAUSDT": 0.13272710854859152, "LDOUSDT": 0.1149752044861352, "TIAUSDT": 0.09535295425569681, "LPTUSDT": 0.10874578639220028, "ENAUSDT": 0.2036426996543491, "BATUSDT": 0.06840192720474296, "RVNUSDT": 0.18419845442611985, "ZECUSDT": 0.11451786812384096, "ZILUSDT": 0.0985559559658255, "DOGEUSDT": 0.10995511907250649, "TRUMPUSDT": 0.10054247788343232, "SHIBUSDT": 0.11432708318927702, "PEPEUSDT": 0.11589824797927452, "WIFUSDT": 0.22558431355643668, "VIRTUALUSDT": 0.17191709492001106, "EIGENUSDT": 0.20398831491327069, "TRBUSDT": 0.04883025592666444, "BONKUSDT": 0.1374823914265802, "FLOKIUSDT": 0.11912276314019236, "LUNCUSDT": 0.01179732558328756}