{"SANDUSDT": 0.04532935635070941, "MANAUSDT": 0.040979365258660264, "AXSUSDT": 0.09556623358122712, "ENJUSDT": 0.11817892942303651, "CHZUSDT": 0.025676742407268548, "THETAUSDT": 0.12417525709700353, "FETUSDT": 0.1901557696483001, "WLDUSDT": 0.17493544724038876, "TAOUSDT": 0.1385996687572301, "GALAUSDT": 0.027756508164311154, "LDOUSDT": 0.1136961082347168, "TIAUSDT": 0.10081143606960531, "LPTUSDT": 0.10106895644441466, "ENAUSDT": 0.12526848925441308, "BATUSDT": 0.04344085896799644, "RVNUSDT": 0.39783518598545065, "ZECUSDT": 0.0642836351317682, "ZILUSDT": 0.05562729605237452, "DOGEUSDT": 0.05649461512668654, "TRUMPUSDT": 0.04772989460634485, "SHIBUSDT": 0.04364311204888178, "PEPEUSDT": 0.2004955701857233, "WIFUSDT": 0.26151434131296164, "VIRTUALUSDT": 0.14924379968452617, "EIGENUSDT": 0.18499415334231756, "TRBUSDT": 0.1423337435373638, "BONKUSDT": 0.07712879118766974, "FLOKIUSDT": 0.05571937064874611, "LUNCUSDT": 0.004353386269775849}