{"SANDUSDT": 0.04525400471156412, "MANAUSDT": 0.024529106582995994, "AXSUSDT": 0.025406046293848444, "ENJUSDT": 0.1049058897451916, "CHZUSDT": 0.05724239014600967, "THETAUSDT": 0.16828853056769946, "FETUSDT": 0.20124895620539748, "WLDUSDT": 0.26514276100120143, "TAOUSDT": 0.12949472612736931, "GALAUSDT": 0.07265600938837219, "LDOUSDT": 0.16098058601950066, "TIAUSDT": 0.09259805466137608, "LPTUSDT": 0.08975711208983005, "ENAUSDT": 0.15055781318255168, "BATUSDT": 0.06826177012431915, "RVNUSDT": 0.29441218164542304, "ZECUSDT": 0.10379978482784322, "ZILUSDT": 0.10552064604972163, "DOGEUSDT": 0.08487888625271878, "TRUMPUSDT": 0.08527144251734545, "SHIBUSDT": 0.0684606458313351, "PEPEUSDT": 0.14982215227608164, "WIFUSDT": 0.20469480529185005, "VIRTUALUSDT": 0.21480833956897114, "EIGENUSDT": 0.19210486915340239, "TRBUSDT": 0.10669387026717357, "BONKUSDT": 0.17332155516605507, "FLOKIUSDT": 0.1101528607101246, "LUNCUSDT": 0.021567465463331093}