{"SANDUSDT": 0.016874551253196778, "MANAUSDT": 0.011915805269644277, "AXSUSDT": 0.016701813189167275, "ENJUSDT": 0.021057575703608243, "CHZUSDT": 0.030175108782963846, "THETAUSDT": 0.013557244176710906, "FETUSDT": 0.038517281923299396, "WLDUSDT": 0.10545339666182005, "TAOUSDT": 0.13753008108122525, "GALAUSDT": 0.05901980115256869, "LDOUSDT": 0.12184798733400211, "TIAUSDT": 0.09830054542646731, "LPTUSDT": 0.05710666933992269, "ENAUSDT": 0.12273396243278537, "BATUSDT": 0.01053807815611245, "RVNUSDT": 0.23787801706691342, "ZECUSDT": 0.04306273750800549, "ZILUSDT": 0.012361604110043469, "DOGEUSDT": 0.039648137144859534, "TRUMPUSDT": 0.11775343250549238, "SHIBUSDT": 0.039466767369642934, "PEPEUSDT": 0.08985184248285759, "WIFUSDT": 0.15038579049055115, "VIRTUALUSDT": 0.1489186738928315, "EIGENUSDT": 0.16642744611427135, "TRBUSDT": 0.04978874014103768, "BONKUSDT": 0.09233141922728177, "FLOKIUSDT": 0.0665461513088587, "LUNCUSDT": 0.03836449499507124}