{"SANDUSDT": 0.02132726208410654, "MANAUSDT": 0.010692928757588918, "AXSUSDT": 0.009813950187936031, "ENJUSDT": 0.018710271886246035, "CHZUSDT": 0.011430510101333297, "THETAUSDT": 0.06601242089333725, "FETUSDT": 0.20010903484320047, "WLDUSDT": 0.1492617855778891, "TAOUSDT": 0.11203818192590956, "GALAUSDT": 0.02226061626263609, "LDOUSDT": 0.08859584710906775, "TIAUSDT": 0.049124578860791884, "LPTUSDT": 0.08624411723489427, "ENAUSDT": 0.1413978075878343, "BATUSDT": 0.03773248553356522, "RVNUSDT": 0.1692258565586434, "ZECUSDT": 0.03914437213870493, "ZILUSDT": 0.008997434972586727, "DOGEUSDT": 0.032840687063017994, "TRUMPUSDT": 0.12970529842268536, "SHIBUSDT": 0.06564513691296547, "PEPEUSDT": 0.11545323800827462, "WIFUSDT": 0.14079845524795112, "VIRTUALUSDT": 0.1162939555888026, "EIGENUSDT": 0.20573394140202506, "TRBUSDT": 0.03570691513644441, "BONKUSDT": 0.11419499825768593, "FLOKIUSDT": 0.01489712792671946, "LUNCUSDT": 0.015131058022459423}