{"SHIBUSDT": 0.001554036419685094, "PEPEUSDT": 0.0072096992750009525, "WIFUSDT": 0.11857329845273493, "VIRTUALUSDT": 0.0062632164586367695, "EIGENUSDT": 0.029342698471664423, "TRBUSDT": 0.0077823949733252335}