{"SHIBUSDT": 0.013253903495579753, "PEPEUSDT": 0.11527085484358213, "WIFUSDT": 0.13370772920130317, "VIRTUALUSDT": 0.0520467638636036, "EIGENUSDT": 0.11292239992696478, "TRBUSDT": 0.07647537557456308}