{"SANDUSDT": 0.046582574088326646, "MANAUSDT": 0.05088609622576083, "AXSUSDT": 0.06161443533323342, "ENJUSDT": 0.056361929380063826, "CHZUSDT": 0.04494409619416678, "THETAUSDT": 0.11223224914768311, "FETUSDT": 0.09077288969145689, "WLDUSDT": 0.17213359216193022, "TAOUSDT": 0.08395664314424345, "GALAUSDT": 0.11986729821379016, "LDOUSDT": 0.12188125304998958, "TIAUSDT": 0.04112849174041485, "LPTUSDT": 0.13821344308139888, "ENAUSDT": 0.17617602191188586, "BATUSDT": 0.03152696974587527, "RVNUSDT": 0.14740052298318276, "ZECUSDT": 0.027902196150121163, "ZILUSDT": 0.059526837021919514, "DOGEUSDT": 0.04573876324169277, "TRUMPUSDT": 0.10931379302163431, "SHIBUSDT": 0.0434034367997713, "PEPEUSDT": 0.10626730742307545, "WIFUSDT": 0.23010733602251712, "VIRTUALUSDT": 0.18866520559710148, "EIGENUSDT": 0.24250104653616367, "TRBUSDT": 0.09332889899051436, "BONKUSDT": 0.1448766349512511, "FLOKIUSDT": 0.10257073177696864, "LUNCUSDT": 0.00820198307383475}