{"SANDUSDT": 0.0939497121790179, "MANAUSDT": 0.061069328053938804, "AXSUSDT": 0.053410476049239666, "ENJUSDT": 0.18011569673231584, "CHZUSDT": 0.040296046451689, "THETAUSDT": 0.22816655033893574, "FETUSDT": 0.24984659266604667, "WLDUSDT": 0.2914200252266116, "TAOUSDT": 0.12432390329090458, "GALAUSDT": 0.16062195542350696, "LDOUSDT": 0.1435352730590074, "TIAUSDT": 0.15879094032483074, "LPTUSDT": 0.058892382399174804, "ENAUSDT": 0.16401911472459244, "BATUSDT": 0.06233682858480848, "RVNUSDT": 0.22438569792712879, "ZECUSDT": 0.0640059902027287, "ZILUSDT": 0.030939655930593928, "DOGEUSDT": 0.10731253220779292, "TRUMPUSDT": 0.08452575081157929, "SHIBUSDT": 0.14652932471314503, "PEPEUSDT": 0.19496723489125523, "WIFUSDT": 0.22663040668650938, "VIRTUALUSDT": 0.13827538856136765, "EIGENUSDT": 0.1223904847295568, "TRBUSDT": 0.06602781119120142, "BONKUSDT": 0.137976269515525, "FLOKIUSDT": 0.14108069739500073, "LUNCUSDT": 0.022621199748979307}