{"SHIBUSDT": 0.017279808238435224, "PEPEUSDT": 0.07334306331129131, "WIFUSDT": 0.1495687563240012, "VIRTUALUSDT": 0.06427321541835052, "EIGENUSDT": 0.060823900596377094, "TRBUSDT": 0.037399439077701206}