{"SANDUSDT": 0.10695425247096023, "MANAUSDT": 0.08551033511145013, "AXSUSDT": 0.10772575191809579, "ENJUSDT": 0.20229231531319455, "CHZUSDT": 0.07301340538099182, "THETAUSDT": 0.1473308990163344, "FETUSDT": 0.20474103131405108, "WLDUSDT": 0.21823077290118437, "TAOUSDT": 0.13103487429778232, "GALAUSDT": 0.1599125409215168, "LDOUSDT": 0.14806012050167774, "TIAUSDT": 0.18451912988622246, "LPTUSDT": 0.11680128031314156, "ENAUSDT": 0.15987114688081894, "BATUSDT": 0.11958703003493884, "RVNUSDT": 0.273853132703946, "ZECUSDT": 0.057547934462063424, "ZILUSDT": 0.07560836572827084, "DOGEUSDT": 0.17505807704930793, "TRUMPUSDT": 0.14601264666247402, "SHIBUSDT": 0.12586435380193872, "PEPEUSDT": 0.1946271871129731, "WIFUSDT": 0.1983575887142592, "VIRTUALUSDT": 0.22513742904153272, "EIGENUSDT": 0.28324089136865427, "TRBUSDT": 0.09218418468412241, "BONKUSDT": 0.21568963747562742, "FLOKIUSDT": 0.1942908417430843, "LUNCUSDT": 0.08284328736204706}