{"SHIBUSDT": 0.02295070360323873, "PEPEUSDT": 0.05109754155821293, "WIFUSDT": 0.10496289014538893, "VIRTUALUSDT": 0.0794813978640309, "EIGENUSDT": 0.09807672054633572, "TRBUSDT": 0.23103084734988408}