{"SANDUSDT": 0.08440033230182628, "MANAUSDT": 0.05641071738584781, "AXSUSDT": 0.10112436843912934, "ENJUSDT": 0.07432879177747011, "CHZUSDT": 0.05264320959589512, "THETAUSDT": 0.09032732374568943, "FETUSDT": 0.11245840821626332, "WLDUSDT": 0.1673659095965007, "TAOUSDT": 0.1124702239232474, "GALAUSDT": 0.1159682053062495, "LDOUSDT": 0.13118848946000486, "TIAUSDT": 0.08882042181879568, "LPTUSDT": 0.14479429963942336, "ENAUSDT": 0.14198376053779246, "BATUSDT": 0.06875579506114443, "RVNUSDT": 0.1666605318518415, "ZECUSDT": 0.0293069267714189, "ZILUSDT": 0.05427342062183005, "DOGEUSDT": 0.10025972663850924, "TRUMPUSDT": 0.11420350860960891, "SHIBUSDT": 0.059486845314220396, "PEPEUSDT": 0.1390364677310036, "WIFUSDT": 0.15688298475803344, "VIRTUALUSDT": 0.25318707466235996, "EIGENUSDT": 0.22325323816037487, "TRBUSDT": 0.1566908446729912, "BONKUSDT": 0.17323559829371654, "FLOKIUSDT": 0.1356593771456439, "LUNCUSDT": 0.02651442691286706}