{"SHIBUSDT": 0.008149715383969018, "PEPEUSDT": 0.08598185784742927, "WIFUSDT": 0.08708083609315616, "VIRTUALUSDT": 0.03468298537265741, "EIGENUSDT": 0.04513352423523359, "TRBUSDT": 0.015779981400483235}