{"SHIBUSDT": 0.006088862923079501, "PEPEUSDT": 0.03827257116848439, "WIFUSDT": 0.02728228915745701, "VIRTUALUSDT": 0.027639948989580443, "EIGENUSDT": 0.03162052510361391, "TRBUSDT": 0.04003490098696996}