{"SHIBUSDT": 0.13740570005108244, "PEPEUSDT": 0.2037509076794015, "WIFUSDT": 0.23262035521035704, "VIRTUALUSDT": 0.1424445976261854, "EIGENUSDT": 0.1907092344403477, "TRBUSDT": 0.1513067823815737, "BONKUSDT": 0.1648719940636814, "FLOKIUSDT": 0.21310543713570052, "LUNCUSDT": 0.04503890546470235}