{"SHIBUSDT": 0.01394401588110532, "PEPEUSDT": 0.08979264404005041, "WIFUSDT": 0.19676212246285246, "VIRTUALUSDT": 0.1256584983641792, "EIGENUSDT": 0.06898800435817616, "TRBUSDT": 0.05798467550925041}