{"SANDUSDT": 0.022059379297774986, "MANAUSDT": 0.04641920332941688, "AXSUSDT": 0.021925704619165123, "ENJUSDT": 0.023340708115879558, "CHZUSDT": 0.021881632152967893, "THETAUSDT": 0.08313081309678085, "FETUSDT": 0.05661387222964863, "WLDUSDT": 0.10721609598661541, "TAOUSDT": 0.09603965181860746, "GALAUSDT": 0.02875885136999829, "LDOUSDT": 0.08238751400861757, "TIAUSDT": 0.056258208519791415, "LPTUSDT": 0.12797910481544716, "ENAUSDT": 0.06162915434496667, "BATUSDT": 0.021422353491554354, "RVNUSDT": 0.2738323846926596, "ZECUSDT": 0.07953117012772112, "ZILUSDT": 0.03968249581156026, "DOGEUSDT": 0.09680217909371029, "TRUMPUSDT": 0.12174638142721295, "SHIBUSDT": 0.04520174344186184, "PEPEUSDT": 0.14250683519125984, "WIFUSDT": 0.20339446188552404, "VIRTUALUSDT": 0.24219377420199173, "EIGENUSDT": 0.30346489948908073, "TRBUSDT": 0.10129856297889478, "BONKUSDT": 0.1274871172136477, "FLOKIUSDT": 0.06597585670740813, "LUNCUSDT": 0.07392399139522043}