{"SHIBUSDT": 0.003674156111490083, "PEPEUSDT": 0.026547797222207705, "WIFUSDT": 0.11988166032671163, "VIRTUALUSDT": 0.020278557164216896, "EIGENUSDT": 0.05045474786867327, "TRBUSDT": 0.013238711602341692}