{"SANDUSDT": 0.01121446922514386, "MANAUSDT": 0.028737608404893866, "AXSUSDT": 0.01716981478865553, "ENJUSDT": 0.06304344504877542, "CHZUSDT": 0.021437070431835795, "THETAUSDT": 0.05957456150274197, "FETUSDT": 0.11629178006117004, "WLDUSDT": 0.11401956749240826, "TAOUSDT": 0.11003573185624209, "GALAUSDT": 0.040239777351294415, "LDOUSDT": 0.07219666772903767, "TIAUSDT": 0.06516145825487328, "LPTUSDT": 0.04064015235204512, "ENAUSDT": 0.04686216773361866, "BATUSDT": 0.015851437950431927, "RVNUSDT": 0.1776639044152497, "ZECUSDT": 0.0552825929575688, "ZILUSDT": 0.0161870008178419, "DOGEUSDT": 0.03547425113689175, "TRUMPUSDT": 0.06831458667899558, "SHIBUSDT": 0.033812970199297236, "PEPEUSDT": 0.0952001315385698, "WIFUSDT": 0.1495090471072651, "VIRTUALUSDT": 0.17492455219304606, "EIGENUSDT": 0.08065139183490853, "TRBUSDT": 0.057043247077754246, "BONKUSDT": 0.14589755319750328, "FLOKIUSDT": 0.047770580170994316, "LUNCUSDT": 0.03020474331073825}