{"SHIBUSDT": 0.012275396827316255, "PEPEUSDT": 0.03684433116341941, "WIFUSDT": 0.20418131620760296, "VIRTUALUSDT": 0.09092289046781565, "EIGENUSDT": 0.05684150663877667, "TRBUSDT": 0.07276727443406619}