{"SANDUSDT": 0.07308105498169214, "MANAUSDT": 0.06932845963335581, "AXSUSDT": 0.0645418065616612, "ENJUSDT": 0.04664907254933751, "CHZUSDT": 0.044072111231135414, "THETAUSDT": 0.18318269517828278, "FETUSDT": 0.2190478111998532, "WLDUSDT": 0.1859286581536865, "TAOUSDT": 0.13831837509837364, "GALAUSDT": 0.1540958582588237, "LDOUSDT": 0.19398284685640976, "TIAUSDT": 0.10822180968012338, "LPTUSDT": 0.12163705266123584, "ENAUSDT": 0.2550732903060004, "BATUSDT": 0.04475362242040859, "RVNUSDT": 0.3473814561016225, "ZECUSDT": 0.04908648096404223, "ZILUSDT": 0.07373695846720577, "DOGEUSDT": 0.10365587314575334, "TRUMPUSDT": 0.0693894361953905, "SHIBUSDT": 0.12451166962066985, "PEPEUSDT": 0.2539419354264327, "WIFUSDT": 0.15358189075772327, "VIRTUALUSDT": 0.19081011193812966, "EIGENUSDT": 0.13223822751918976, "TRBUSDT": 0.17063014310257688, "BONKUSDT": 0.2143829706863969, "FLOKIUSDT": 0.12672685596541966, "LUNCUSDT": 0.03508836000125956}