{"SHIBUSDT": 0.02011685425801583, "PEPEUSDT": 0.048020694826575755, "WIFUSDT": 0.06010945737399946, "VIRTUALUSDT": 0.0944656865354239, "EIGENUSDT": 0.02696828310624376, "TRBUSDT": 0.03145159133821507}