{"SHIBUSDT": 0.003227008824690612, "PEPEUSDT": 0.017155141057335007, "WIFUSDT": 0.03075404476485992, "VIRTUALUSDT": 0.01698598914342931, "EIGENUSDT": 0.017356221515628097, "TRBUSDT": 0.023796622077114377}