{"SHIBUSDT": 0.005072657986559131, "PEPEUSDT": 0.02535319529709028, "WIFUSDT": 0.03633526374817761, "VIRTUALUSDT": 0.012008178063334827, "EIGENUSDT": 0.017519854497127226, "TRBUSDT": 0.05952941279944372}