{"SHIBUSDT": 0.007669811845280608, "PEPEUSDT": 0.04377398831504998, "WIFUSDT": 0.1093871517682622, "VIRTUALUSDT": 0.026098895772094868, "EIGENUSDT": 0.09138613089634859, "TRBUSDT": 0.004864630141639703}