{"SANDUSDT": 0.05755532556805773, "MANAUSDT": 0.035222096159907325, "AXSUSDT": 0.055926949267345843, "ENJUSDT": 0.053892577845792065, "CHZUSDT": 0.03082376954295669, "THETAUSDT": 0.056508116381890405, "FETUSDT": 0.15395672799538443, "WLDUSDT": 0.10322308701678315, "TAOUSDT": 0.20442020192560484, "GALAUSDT": 0.0809502472549036, "LDOUSDT": 0.08897748797816604, "TIAUSDT": 0.11281187715008147, "LPTUSDT": 0.08694441260956746, "ENAUSDT": 0.16503224648745693, "BATUSDT": 0.02888362278220505, "RVNUSDT": 0.1237932195469567, "ZECUSDT": 0.06793257592674466, "ZILUSDT": 0.0049501894802389855, "DOGEUSDT": 0.023772633383451012, "TRUMPUSDT": 0.1450257951833788, "SHIBUSDT": 0.04919744123723381, "PEPEUSDT": 0.11760564323195268, "WIFUSDT": 0.17004031370186712, "VIRTUALUSDT": 0.179086791037127, "EIGENUSDT": 0.19173872151151997, "TRBUSDT": 0.08350921322776425, "BONKUSDT": 0.11134872777300403, "FLOKIUSDT": 0.08632851299228327, "LUNCUSDT": 0.020200221873459892}