{"SHIBUSDT": 0.005449441555933661, "PEPEUSDT": 0.02918875396229618, "WIFUSDT": 0.12472333040587846, "VIRTUALUSDT": 0.08000040464301676, "EIGENUSDT": 0.05071209784054775, "TRBUSDT": 0.09584125442947956}