{"SANDUSDT": 0.044286434591404245, "MANAUSDT": 0.02366258071411593, "AXSUSDT": 0.05796908765581917, "ENJUSDT": 0.07570277244505788, "CHZUSDT": 0.019265333718951512, "THETAUSDT": 0.08593273829727059, "FETUSDT": 0.18828787339868006, "WLDUSDT": 0.20029033600166435, "TAOUSDT": 0.13062230144757608, "GALAUSDT": 0.04506871960358905, "LDOUSDT": 0.13273819965050912, "TIAUSDT": 0.06741625115732199, "LPTUSDT": 0.09450771288522372, "ENAUSDT": 0.10466336918148735, "BATUSDT": 0.04064712432094176, "RVNUSDT": 0.1919580553587687, "ZECUSDT": 0.04498751581151192, "ZILUSDT": 0.11931901447748876, "DOGEUSDT": 0.05924657689866533, "TRUMPUSDT": 0.07499650507524065, "SHIBUSDT": 0.06770461232175409, "PEPEUSDT": 0.09483354836664316, "WIFUSDT": 0.15484673278021296, "VIRTUALUSDT": 0.19367241993451026, "EIGENUSDT": 0.11253940254840772, "TRBUSDT": 0.1221142101476773, "BONKUSDT": 0.13487765792402642, "FLOKIUSDT": 0.07980173135471669, "LUNCUSDT": 0.004107893904694891}