{"SHIBUSDT": 0.010783499050679256, "PEPEUSDT": 0.04948829510778031, "WIFUSDT": 0.05091586548308501, "VIRTUALUSDT": 0.035658062146383646, "EIGENUSDT": 0.04917066350175225, "TRBUSDT": 0.025934835619809207}