{"SHIBUSDT": 0.004417516334462674, "PEPEUSDT": 0.013874899961766623, "WIFUSDT": 0.045156722707296586, "VIRTUALUSDT": 0.026404372113137477, "EIGENUSDT": 0.024734664339524332, "TRBUSDT": 0.03514463278338691}