{"SHIBUSDT": 0.016084930777743384, "PEPEUSDT": 0.05186514395644786, "WIFUSDT": 0.07116927287511518, "VIRTUALUSDT": 0.07987315727620191, "EIGENUSDT": 0.022353245122212723, "TRBUSDT": 0.20152895294263243}