{"SHIBUSDT": 0.0034751392436226936, "PEPEUSDT": 0.045739704753914354, "WIFUSDT": 0.03300714143205918, "VIRTUALUSDT": 0.019572852959287144, "EIGENUSDT": 0.022609367988416697, "TRBUSDT": 0.022633437827541836}