{"SANDUSDT": 0.06689343694113499, "MANAUSDT": 0.06362630893121513, "AXSUSDT": 0.025236301685418207, "ENJUSDT": 0.06420374178616574, "CHZUSDT": 0.05755874846753986, "THETAUSDT": 0.12439105232819914, "FETUSDT": 0.07695475074196892, "WLDUSDT": 0.13909254471950627, "TAOUSDT": 0.1247377029055882, "GALAUSDT": 0.09212985990086238, "LDOUSDT": 0.11162266950204425, "TIAUSDT": 0.10376928282250848, "LPTUSDT": 0.1331539734732885, "ENAUSDT": 0.13454474426372856, "BATUSDT": 0.05518035083602593, "RVNUSDT": 0.24762771382306617, "ZECUSDT": 0.04441931286324578, "ZILUSDT": 0.05225588240620825, "DOGEUSDT": 0.14143747495533987, "TRUMPUSDT": 0.11865462879985232, "SHIBUSDT": 0.04501123298937495, "PEPEUSDT": 0.18149988448532414, "WIFUSDT": 0.25473798014882565, "VIRTUALUSDT": 0.33244213106831333, "EIGENUSDT": 0.25072587575890287, "TRBUSDT": 0.12809194864502804, "BONKUSDT": 0.1583746336081939, "FLOKIUSDT": 0.12980867039463242, "LUNCUSDT": 0.05720886756728838}