{"SANDUSDT": 0.031857989465539284, "MANAUSDT": 0.05191305291677307, "AXSUSDT": 0.07668603013796804, "ENJUSDT": 0.08906926023967957, "CHZUSDT": 0.03300240445655523, "THETAUSDT": 0.11352077236228272, "FETUSDT": 0.15833924947044922, "WLDUSDT": 0.17402381457246704, "TAOUSDT": 0.12870348979125662, "GALAUSDT": 0.09303120926928878, "LDOUSDT": 0.1263706371598536, "TIAUSDT": 0.12310569377036268, "LPTUSDT": 0.09348952808789153, "ENAUSDT": 0.12045502613192928, "BATUSDT": 0.03651214045662468, "RVNUSDT": 0.18287299638865828, "ZECUSDT": 0.13081644600984596, "ZILUSDT": 0.0999320029437762, "DOGEUSDT": 0.06353973640986176, "TRUMPUSDT": 0.07563303752122588, "SHIBUSDT": 0.03961885586254484, "PEPEUSDT": 0.14294777820635743, "WIFUSDT": 0.15053885358448535, "VIRTUALUSDT": 0.1650292480440782, "EIGENUSDT": 0.13308798260150562, "TRBUSDT": 0.13145149084179913, "BONKUSDT": 0.16697713974451572, "FLOKIUSDT": 0.08483258125865793, "LUNCUSDT": 0.03605988028681114}