{"SANDUSDT": 0.03573759978383214, "MANAUSDT": 0.05918197078440311, "AXSUSDT": 0.03627902639043129, "ENJUSDT": 0.05844230305039156, "CHZUSDT": 0.0591859236939872, "THETAUSDT": 0.13609550395606876, "FETUSDT": 0.09894107049665253, "WLDUSDT": 0.10697937215026253, "TAOUSDT": 0.10704953304038958, "GALAUSDT": 0.0683125301208136, "LDOUSDT": 0.10148889516260229, "TIAUSDT": 0.05789987956050904, "LPTUSDT": 0.11386326341422034, "ENAUSDT": 0.12778481292660782, "BATUSDT": 0.046827942568927465, "RVNUSDT": 0.2704156671097355, "ZECUSDT": 0.08674790280845214, "ZILUSDT": 0.04527231222552881, "DOGEUSDT": 0.10565408361268744, "TRUMPUSDT": 0.11896835661475332, "SHIBUSDT": 0.051440506843730194, "PEPEUSDT": 0.15891326796840843, "WIFUSDT": 0.15800152610604476, "VIRTUALUSDT": 0.26834915653655134, "EIGENUSDT": 0.23748630151673786, "TRBUSDT": 0.11758358025194586, "BONKUSDT": 0.12287481057004956, "FLOKIUSDT": 0.06209351607927572, "LUNCUSDT": 0.0316101077035659}