{"SANDUSDT": 0.014374746587573557, "MANAUSDT": 0.014323068226066792, "AXSUSDT": 0.021491531416816385, "ENJUSDT": 0.03422693345889895, "CHZUSDT": 0.008326044303186972, "THETAUSDT": 0.06697718322428228, "FETUSDT": 0.24065587830318616, "WLDUSDT": 0.08663144532341321, "TAOUSDT": 0.09539723795406328, "GALAUSDT": 0.014235592911003651, "LDOUSDT": 0.0626749897490174, "TIAUSDT": 0.033428443060514984, "LPTUSDT": 0.06779926879524062, "ENAUSDT": 0.12308484659227667, "BATUSDT": 0.059370956882900144, "RVNUSDT": 0.16285999695200412, "ZECUSDT": 0.04743777350689625, "ZILUSDT": 0.010980489756267402, "DOGEUSDT": 0.013776736570212519, "TRUMPUSDT": 0.06435821511799907, "SHIBUSDT": 0.04279162396280612, "PEPEUSDT": 0.1387960950447959, "WIFUSDT": 0.13213881548222728, "VIRTUALUSDT": 0.13771348239632888, "EIGENUSDT": 0.2286482110941365, "TRBUSDT": 0.06034323686627294, "BONKUSDT": 0.08563047681889627, "FLOKIUSDT": 0.01842543132379518, "LUNCUSDT": 0.008598820562663468}