{"SANDUSDT": 0.02240970390710749, "MANAUSDT": 0.012674455691843793, "AXSUSDT": 0.021040049707100016, "ENJUSDT": 0.04812747313608317, "CHZUSDT": 0.01947213198146448, "THETAUSDT": 0.017026524661248432, "FETUSDT": 0.07160543478901257, "WLDUSDT": 0.11622257680628963, "TAOUSDT": 0.18302598147511698, "GALAUSDT": 0.02824331345273518, "LDOUSDT": 0.1315589819311328, "TIAUSDT": 0.10812891727218943, "LPTUSDT": 0.07747754977479104, "ENAUSDT": 0.13068717239426872, "BATUSDT": 0.008363173171311722, "RVNUSDT": 0.22237560439448095, "ZECUSDT": 0.04820057348374488, "ZILUSDT": 0.012583842353105754, "DOGEUSDT": 0.027215715599499046, "TRUMPUSDT": 0.1338134908997448, "SHIBUSDT": 0.019109630784513144, "PEPEUSDT": 0.06351609324906675, "WIFUSDT": 0.1660097399902231, "VIRTUALUSDT": 0.15497661870665172, "EIGENUSDT": 0.16080967162036924, "TRBUSDT": 0.048653963125855466, "BONKUSDT": 0.08751549173430544, "FLOKIUSDT": 0.03706820691729803, "LUNCUSDT": 0.022960883639575536}