{"SANDUSDT": 0.015029282162156491, "MANAUSDT": 0.01122612644072318, "AXSUSDT": 0.048994645717668796, "ENJUSDT": 0.0820187736699164, "CHZUSDT": 0.012809111261783206, "THETAUSDT": 0.07669743761511044, "FETUSDT": 0.12486756389344372, "WLDUSDT": 0.1567768384184956, "TAOUSDT": 0.1311043626498393, "GALAUSDT": 0.040204336694650684, "LDOUSDT": 0.0703985333410875, "TIAUSDT": 0.07313141614212833, "LPTUSDT": 0.11261054574020077, "ENAUSDT": 0.09091914192198311, "BATUSDT": 0.041423698062252455, "RVNUSDT": 0.1364869809060243, "ZECUSDT": 0.050133538767209045, "ZILUSDT": 0.03779405519429633, "DOGEUSDT": 0.047333958691735144, "TRUMPUSDT": 0.06766709016548485, "SHIBUSDT": 0.025716452783723084, "PEPEUSDT": 0.08094205835822446, "WIFUSDT": 0.2014472542579909, "VIRTUALUSDT": 0.12057749281219403, "EIGENUSDT": 0.1334636189291368, "TRBUSDT": 0.1050180630993248, "BONKUSDT": 0.10679436068901155, "FLOKIUSDT": 0.05272038969370087, "LUNCUSDT": 0.0034866283548114444}