{"SHIBUSDT": 0.013974795755060351, "PEPEUSDT": 0.044968161636379116, "WIFUSDT": 0.12384776883269456, "VIRTUALUSDT": 0.043270691842275145, "EIGENUSDT": 0.0754457443186771, "TRBUSDT": 0.10823269347341156}