{"SANDUSDT": 0.0950375712043608, "MANAUSDT": 0.056487985422225946, "AXSUSDT": 0.07170890838075168, "ENJUSDT": 0.12280384691434115, "CHZUSDT": 0.040601074211903204, "THETAUSDT": 0.17898201394837288, "FETUSDT": 0.2882765723163132, "WLDUSDT": 0.24081714300950474, "TAOUSDT": 0.11974011583526088, "GALAUSDT": 0.152169519633343, "LDOUSDT": 0.1825199579138835, "TIAUSDT": 0.12254816135151238, "LPTUSDT": 0.0601175782869937, "ENAUSDT": 0.17220082429296693, "BATUSDT": 0.06384211298364878, "RVNUSDT": 0.17300069595973208, "ZECUSDT": 0.07696137195384226, "ZILUSDT": 0.031321770127248544, "DOGEUSDT": 0.102972746755848, "TRUMPUSDT": 0.08150120696716723, "SHIBUSDT": 0.1724686338603815, "PEPEUSDT": 0.21255810019644136, "WIFUSDT": 0.2204037873835761, "VIRTUALUSDT": 0.15506329634407817, "EIGENUSDT": 0.13591158245720078, "TRBUSDT": 0.034814788612685645, "BONKUSDT": 0.14404871051066248, "FLOKIUSDT": 0.16733570167460612, "LUNCUSDT": 0.030164972997341406}