{"SHIBUSDT": 0.003295692249810097, "PEPEUSDT": 0.02385626820470341, "WIFUSDT": 0.040512958475473065}