{"SHIBUSDT": 0.05929752471530789, "PEPEUSDT": 0.20017544703578397, "WIFUSDT": 0.15898178804946103, "VIRTUALUSDT": 0.12926503801796482, "EIGENUSDT": 0.16506893862684394, "TRBUSDT": 0.20545778024497519, "BONKUSDT": 0.1999498652222685, "FLOKIUSDT": 0.14284017177125616, "LUNCUSDT": 0.061286328125756497}