{"SHIBUSDT": 0.005622663476156711, "PEPEUSDT": 0.011503326285722948, "WIFUSDT": 0.02556236359848241, "VIRTUALUSDT": 0.010528301138492487, "EIGENUSDT": 0.009197339327633813, "TRBUSDT": 0.028442421527762413}