{"SHIBUSDT": 0.0018923651821127934, "PEPEUSDT": 0.039411609396452274, "WIFUSDT": 0.11341409311746098, "VIRTUALUSDT": 0.02996506830203134, "EIGENUSDT": 0.04745034069050576, "TRBUSDT": 0.011944060012628455}