{"SHIBUSDT": 0.006375498548164977, "PEPEUSDT": 0.012139864633258514, "WIFUSDT": 0.037087291292403964, "VIRTUALUSDT": 0.026853806334789822, "EIGENUSDT": 0.011931872905353297, "TRBUSDT": 0.010862397912650373}