{"SHIBUSDT": 0.0070487319049225075, "PEPEUSDT": 0.02080469347915105, "WIFUSDT": 0.05031791435811943, "VIRTUALUSDT": 0.01441067024495906, "EIGENUSDT": 0.04537702760502161, "TRBUSDT": 0.14696386093308667}