{"SHIBUSDT": 0.0054292331587974104, "PEPEUSDT": 0.01665180600368348, "WIFUSDT": 0.1944323558431559, "VIRTUALUSDT": 0.04947967742716628, "EIGENUSDT": 0.06405149332543889, "TRBUSDT": 0.025770529490697993}