{"SANDUSDT": 0.10635202764304538, "MANAUSDT": 0.03328178588340148, "AXSUSDT": 0.08426951235746198, "ENJUSDT": 0.11623939598268725, "CHZUSDT": 0.07389077199608712, "THETAUSDT": 0.20693395719125685, "FETUSDT": 0.2286112691741892, "WLDUSDT": 0.254593894477874, "TAOUSDT": 0.22698999256336128, "GALAUSDT": 0.1876831457559001, "LDOUSDT": 0.13063520473008064, "TIAUSDT": 0.2555061978975574, "LPTUSDT": 0.14488542809187696, "ENAUSDT": 0.2022314872519567, "BATUSDT": 0.10986970981896234, "RVNUSDT": 0.26429180327407176, "ZECUSDT": 0.058538525182073566, "ZILUSDT": 0.04559056696166561, "DOGEUSDT": 0.16075705960642392, "TRUMPUSDT": 0.15601595126648615, "SHIBUSDT": 0.11259870168952682, "PEPEUSDT": 0.20119409929005022, "WIFUSDT": 0.32493102186744893, "VIRTUALUSDT": 0.2657433108662332, "EIGENUSDT": 0.208288193650753, "TRBUSDT": 0.10727589101277689, "BONKUSDT": 0.22858386231501315, "FLOKIUSDT": 0.20844186992442756, "LUNCUSDT": 0.06061479125491136}