{"SHIBUSDT": 0.00514806948005327, "PEPEUSDT": 0.04742895769454783, "WIFUSDT": 0.029519350542865547, "VIRTUALUSDT": 0.030369091230724322, "EIGENUSDT": 0.030974434992134193, "TRBUSDT": 0.030465157577814053}