{"SHIBUSDT": 0.0992552943651621, "PEPEUSDT": 0.13536918984934554, "WIFUSDT": 0.29101153875133684, "VIRTUALUSDT": 0.18505591938988866, "EIGENUSDT": 0.14774431648873793, "TRBUSDT": 0.11851514162264692, "BONKUSDT": 0.0972199841548951, "FLOKIUSDT": 0.17751222356662089, "LUNCUSDT": 0.051807719809228006}