{"SHIBUSDT": 0.01426382380542103, "PEPEUSDT": 0.04544058402316125, "WIFUSDT": 0.1799476697715097, "VIRTUALUSDT": 0.1444683167905738, "EIGENUSDT": 0.1814436240086383, "TRBUSDT": 0.10851876501588338}