{"SHIBUSDT": 0.003067574110161594, "PEPEUSDT": 0.03336411928357966, "WIFUSDT": 0.04211969935481107, "VIRTUALUSDT": 0.027605461207744923, "EIGENUSDT": 0.01709909258667443, "TRBUSDT": 0.021304345167516395}