{"SANDUSDT": 0.05947152536734384, "MANAUSDT": 0.060673234355549735, "AXSUSDT": 0.05222722529123593, "ENJUSDT": 0.15847644435724548, "CHZUSDT": 0.08786719311826553, "THETAUSDT": 0.1584644913186571, "FETUSDT": 0.22807374999316074, "WLDUSDT": 0.3009266899392963, "TAOUSDT": 0.12161521292899687, "GALAUSDT": 0.1529172301278942, "LDOUSDT": 0.1973149022172131, "TIAUSDT": 0.1534701553422406, "LPTUSDT": 0.05878612838555579, "ENAUSDT": 0.1619404581052226, "BATUSDT": 0.08523131493387505, "RVNUSDT": 0.19574936351480546, "ZECUSDT": 0.0673424554402072, "ZILUSDT": 0.03148226237890626, "DOGEUSDT": 0.1516019195546672, "TRUMPUSDT": 0.09992131761481748, "SHIBUSDT": 0.1480199660524665, "PEPEUSDT": 0.18519634689175385, "WIFUSDT": 0.21307873610872943, "VIRTUALUSDT": 0.183016885130898, "EIGENUSDT": 0.18031054270896238, "TRBUSDT": 0.058936443366162675, "BONKUSDT": 0.19363149838325336, "FLOKIUSDT": 0.14755574079261646, "LUNCUSDT": 0.022618457299115272}