{"SANDUSDT": 0.10068938835001318, "MANAUSDT": 0.036754948900487514, "AXSUSDT": 0.049503713627852455, "ENJUSDT": 0.11186151649585543, "CHZUSDT": 0.0622619068547446, "THETAUSDT": 0.2257689167885945, "FETUSDT": 0.21671447490884524, "WLDUSDT": 0.2219757575575153, "TAOUSDT": 0.1034893827139224, "GALAUSDT": 0.11199338549893553, "LDOUSDT": 0.09018576006164013, "TIAUSDT": 0.11376696640300443, "LPTUSDT": 0.06603237232495075, "ENAUSDT": 0.18618226430982904, "BATUSDT": 0.0924074120955743, "RVNUSDT": 0.22582595079434709, "ZECUSDT": 0.08460133318855322, "ZILUSDT": 0.03888289644187715, "DOGEUSDT": 0.12359445192302608, "TRUMPUSDT": 0.08240969329136623, "SHIBUSDT": 0.1370779838494687, "PEPEUSDT": 0.18571640146740612, "WIFUSDT": 0.16694694526381082, "VIRTUALUSDT": 0.08520802494729561, "EIGENUSDT": 0.1756729196188618, "TRBUSDT": 0.08514976851431542, "BONKUSDT": 0.16440341671672706, "FLOKIUSDT": 0.13444995361113465, "LUNCUSDT": 0.03166619526915672}