{"SANDUSDT": 0.02112617552755792, "MANAUSDT": 0.012736695467501745, "AXSUSDT": 0.059640690562320166, "ENJUSDT": 0.06782282120659518, "CHZUSDT": 0.011993777622855096, "THETAUSDT": 0.09537101255495478, "FETUSDT": 0.13885976217724305, "WLDUSDT": 0.13424254456270474, "TAOUSDT": 0.15716413474468377, "GALAUSDT": 0.03458402937799948, "LDOUSDT": 0.08345336042929732, "TIAUSDT": 0.09746697040345437, "LPTUSDT": 0.13108208816577527, "ENAUSDT": 0.10778439407972741, "BATUSDT": 0.04227033818941302, "RVNUSDT": 0.19073535413061854, "ZECUSDT": 0.04752604664528113, "ZILUSDT": 0.0592523860471147, "DOGEUSDT": 0.052292643877254005, "TRUMPUSDT": 0.06662578356453358, "SHIBUSDT": 0.022551618835820044, "PEPEUSDT": 0.1816690656796966, "WIFUSDT": 0.23153394886620854, "VIRTUALUSDT": 0.11029338955958985, "EIGENUSDT": 0.1240218025881472, "TRBUSDT": 0.07154286053722754, "BONKUSDT": 0.0977408527542767, "FLOKIUSDT": 0.048135737036300044, "LUNCUSDT": 0.0033615706978191015}