{"SHIBUSDT": 0.009407966113456104, "PEPEUSDT": 0.04815574392815947, "WIFUSDT": 0.07183708832510387, "VIRTUALUSDT": 0.030908824141975245, "EIGENUSDT": 0.042294498125744776, "TRBUSDT": 0.05157776879113044}