{"SHIBUSDT": 0.011718640448625797, "PEPEUSDT": 0.03832435657492477, "WIFUSDT": 0.10372733581880263, "VIRTUALUSDT": 0.035256754114430175, "EIGENUSDT": 0.04385165277102468, "TRBUSDT": 0.04340495194402911}