{"SHIBUSDT": 0.012692899608142532, "PEPEUSDT": 0.07002591446349293, "WIFUSDT": 0.1316092502085575, "VIRTUALUSDT": 0.05857537298152715, "EIGENUSDT": 0.06897600575762836, "TRBUSDT": 0.01080081379796192}