{"SHIBUSDT": 0.0019775008627776042, "PEPEUSDT": 0.008185463631347006, "WIFUSDT": 0.08234249464894511, "VIRTUALUSDT": 0.0042715692899725, "EIGENUSDT": 0.02709574552874634, "TRBUSDT": 0.013851124194258189}