{"SANDUSDT": 0.1467083310802291, "MANAUSDT": 0.06996142034442886, "AXSUSDT": 0.07278117882880836, "ENJUSDT": 0.1485975639407466, "CHZUSDT": 0.08050093363854126, "THETAUSDT": 0.2179532402652569, "FETUSDT": 0.2370873264647414, "WLDUSDT": 0.23710774494828252, "TAOUSDT": 0.16631461999623579, "GALAUSDT": 0.10131119824086031, "LDOUSDT": 0.15088081032090803, "TIAUSDT": 0.17405108937760613, "LPTUSDT": 0.17898707038475828, "ENAUSDT": 0.19957934280646789, "BATUSDT": 0.08131892993010766, "RVNUSDT": 0.3277271711353076, "ZECUSDT": 0.08170008504061049, "ZILUSDT": 0.10190694135377255, "DOGEUSDT": 0.14378306492517404, "TRUMPUSDT": 0.1229519609054672, "SHIBUSDT": 0.09901723169790357, "PEPEUSDT": 0.23426180258159868, "WIFUSDT": 0.23085825794041273, "VIRTUALUSDT": 0.24984890888694403, "EIGENUSDT": 0.26234361843608534, "TRBUSDT": 0.14850721912698683, "BONKUSDT": 0.19512188085199667, "FLOKIUSDT": 0.13969189538779028, "LUNCUSDT": 0.061922272134006626}