{"SHIBUSDT": 0.008751546701038301, "PEPEUSDT": 0.05271726999279272, "WIFUSDT": 0.059658157009947296, "VIRTUALUSDT": 0.07168792907351182, "EIGENUSDT": 0.032426228768615416, "TRBUSDT": 0.01842136909921291}