{"SANDUSDT": 0.012890775768203638, "MANAUSDT": 0.016776864399243422, "AXSUSDT": 0.018792173548446176, "ENJUSDT": 0.08111606506290286, "CHZUSDT": 0.03762524753814002, "THETAUSDT": 0.07715565497316103, "FETUSDT": 0.062202220459281185, "WLDUSDT": 0.07279120422726404, "TAOUSDT": 0.08796241677732848, "GALAUSDT": 0.036358343228550666, "LDOUSDT": 0.07713041235885298, "TIAUSDT": 0.052870574448044216, "LPTUSDT": 0.08131366270949142, "ENAUSDT": 0.11481869548162556, "BATUSDT": 0.012633398513949625, "RVNUSDT": 0.24143586351646795, "ZECUSDT": 0.009486594213804923, "ZILUSDT": 0.011405358810716235, "DOGEUSDT": 0.03230421782109076, "TRUMPUSDT": 0.06487717153750232, "SHIBUSDT": 0.016207839144655657, "PEPEUSDT": 0.0622879581590261, "WIFUSDT": 0.09820747205295284, "VIRTUALUSDT": 0.15670352057696882, "EIGENUSDT": 0.1189430843045521, "TRBUSDT": 0.051617261748438156, "BONKUSDT": 0.08104375881221347, "FLOKIUSDT": 0.061946731772938066, "LUNCUSDT": 0.036725651383481314}