{"SHIBUSDT": 0.011647956555643988, "PEPEUSDT": 0.06829283013233002, "WIFUSDT": 0.09825314552013996, "VIRTUALUSDT": 0.031374236921741044, "EIGENUSDT": 0.0790725979545406, "TRBUSDT": 0.08691941665424421}