{"SANDUSDT": 0.03962713896422998, "MANAUSDT": 0.013012273597273654, "AXSUSDT": 0.024807789630283596, "ENJUSDT": 0.1315451435165615, "CHZUSDT": 0.013973649461816841, "THETAUSDT": 0.09187078207337235, "FETUSDT": 0.2003547157581009, "WLDUSDT": 0.09486330189598674, "TAOUSDT": 0.1562562065442535, "GALAUSDT": 0.02753817386113751, "LDOUSDT": 0.039887773606376416, "TIAUSDT": 0.07831906301193964, "LPTUSDT": 0.05322980922286906, "ENAUSDT": 0.05997218871293799, "BATUSDT": 0.026173028206731702, "RVNUSDT": 0.11912536841393856, "ZECUSDT": 0.0253260999742799, "ZILUSDT": 0.016492590798485918, "DOGEUSDT": 0.0417048934823121, "TRUMPUSDT": 0.1318201820387834, "SHIBUSDT": 0.04469268301617647, "PEPEUSDT": 0.0952183483647418, "WIFUSDT": 0.15575929400221464, "VIRTUALUSDT": 0.21986211990036406, "EIGENUSDT": 0.16611057718962394, "TRBUSDT": 0.09137958477556216, "BONKUSDT": 0.08662288356379187, "FLOKIUSDT": 0.0692584289762491, "LUNCUSDT": 0.04273749111168243}