{"SHIBUSDT": 0.004255447432273913, "PEPEUSDT": 0.012340695911636657, "WIFUSDT": 0.04142162864753463, "VIRTUALUSDT": 0.0277095638218481, "EIGENUSDT": 0.011174273771289203, "TRBUSDT": 0.0350789869109728}