{"SHIBUSDT": 0.003313096256639608, "PEPEUSDT": 0.027271475488384767, "WIFUSDT": 0.038506266242326954}