{"SANDUSDT": 0.05188196221578924, "MANAUSDT": 0.05927155384750435, "AXSUSDT": 0.06831908733067159, "ENJUSDT": 0.12533019281924138, "CHZUSDT": 0.019450193988290402, "THETAUSDT": 0.08370702785007779, "FETUSDT": 0.1412555907513576, "WLDUSDT": 0.12084237011996422, "TAOUSDT": 0.18569151254453523, "GALAUSDT": 0.0944390955603683, "LDOUSDT": 0.13620332969005475, "TIAUSDT": 0.13005967364808063, "LPTUSDT": 0.12847216141949966, "ENAUSDT": 0.12572411664661648, "BATUSDT": 0.034808622094446275, "RVNUSDT": 0.1726864939706687, "ZECUSDT": 0.03795897332067477, "ZILUSDT": 0.043144806509602306, "DOGEUSDT": 0.07231198372946611, "TRUMPUSDT": 0.08396776868186434, "SHIBUSDT": 0.061864461009890404, "PEPEUSDT": 0.1485692751427878, "WIFUSDT": 0.21459642690258823, "VIRTUALUSDT": 0.19959447427989357, "EIGENUSDT": 0.18869572623704248, "TRBUSDT": 0.06389729905556472, "BONKUSDT": 0.16787139669265908, "FLOKIUSDT": 0.1305576938897268, "LUNCUSDT": 0.0635037434192213}