{"SHIBUSDT": 0.0035893285362226016, "PEPEUSDT": 0.0294712555717758, "WIFUSDT": 0.12130896977770594, "VIRTUALUSDT": 0.02697277856060551, "EIGENUSDT": 0.06449522627130706, "TRBUSDT": 0.011737051170592738}