{"SHIBUSDT": 0.005072657986559131, "PEPEUSDT": 0.01623118418788302, "WIFUSDT": 0.17824583239370423, "VIRTUALUSDT": 0.05116932337123332, "EIGENUSDT": 0.03495289789613379, "TRBUSDT": 0.02492861848348206}