{"SHIBUSDT": 0.004077997112742534, "PEPEUSDT": 0.013262477951688242, "WIFUSDT": 0.03396614164927257, "VIRTUALUSDT": 0.02924037968638662, "EIGENUSDT": 0.012811758755449468, "TRBUSDT": 0.01625697385160967}