{"SANDUSDT": 0.11117894345682179, "MANAUSDT": 0.10896594970509715, "AXSUSDT": 0.1270131629132509, "ENJUSDT": 0.11892859326392814, "CHZUSDT": 0.06539363403442403, "THETAUSDT": 0.1851883101203423, "FETUSDT": 0.23924384791827064, "WLDUSDT": 0.22764914546917467, "TAOUSDT": 0.1411055404800424, "GALAUSDT": 0.1276005889764531, "LDOUSDT": 0.16324661050958936, "TIAUSDT": 0.16754684701665928, "LPTUSDT": 0.07767260063064498, "ENAUSDT": 0.20282048866784708, "BATUSDT": 0.06876322999174891, "RVNUSDT": 0.2581693230082568, "ZECUSDT": 0.09122041571555879, "ZILUSDT": 0.07832333300452386, "DOGEUSDT": 0.14086245500744835, "TRUMPUSDT": 0.1277892827971085, "SHIBUSDT": 0.09162437326353971, "PEPEUSDT": 0.21042746492549413, "WIFUSDT": 0.19153970398621206, "VIRTUALUSDT": 0.13249654137365968, "EIGENUSDT": 0.24378646659891276, "TRBUSDT": 0.13168096442435012, "BONKUSDT": 0.2369789278586228, "FLOKIUSDT": 0.1629272630934179, "LUNCUSDT": 0.036280942068871606}