{"SANDUSDT": 0.028445106350032858, "MANAUSDT": 0.015618254141072182, "AXSUSDT": 0.03948403957963751, "ENJUSDT": 0.03989665273713649, "CHZUSDT": 0.02653990917990056, "THETAUSDT": 0.11113519925342692, "FETUSDT": 0.24144752753836268, "WLDUSDT": 0.14463527356462683, "TAOUSDT": 0.1495249964391915, "GALAUSDT": 0.042208270883311305, "LDOUSDT": 0.061301170821859804, "TIAUSDT": 0.09037296350473126, "LPTUSDT": 0.10391475368258173, "ENAUSDT": 0.18021039098553418, "BATUSDT": 0.04004623491982107, "RVNUSDT": 0.17343256384578498, "ZECUSDT": 0.024171352715344183, "ZILUSDT": 0.005973332190251698, "DOGEUSDT": 0.04381661495622529, "TRUMPUSDT": 0.168464071058422, "SHIBUSDT": 0.06332545262211511, "PEPEUSDT": 0.1489741925744855, "WIFUSDT": 0.1841555784081498, "VIRTUALUSDT": 0.20535978885885287, "EIGENUSDT": 0.2114145068958604, "TRBUSDT": 0.05169802303946092, "BONKUSDT": 0.15201087715590608, "FLOKIUSDT": 0.07711780427879264, "LUNCUSDT": 0.010715099466551628}