{"SHIBUSDT": 0.004386649673603699, "PEPEUSDT": 0.042004014075648896, "WIFUSDT": 0.07682904215645955, "VIRTUALUSDT": 0.018982431330044288, "EIGENUSDT": 0.02693173955536241, "TRBUSDT": 0.009519229680020684}