{"SHIBUSDT": 0.022408534037526205, "PEPEUSDT": 0.11815068108201512, "WIFUSDT": 0.15757139745475449, "VIRTUALUSDT": 0.07889837838260297, "EIGENUSDT": 0.10444075645475281, "TRBUSDT": 0.03676710936197876}