{"SHIBUSDT": 0.005740035814320217, "PEPEUSDT": 0.04183674162599991, "WIFUSDT": 0.13016668357221506}