{"SHIBUSDT": 0.010142626971600906, "PEPEUSDT": 0.0392704423542784, "WIFUSDT": 0.11341179608478974, "VIRTUALUSDT": 0.13584410958961557, "EIGENUSDT": 0.16512900623558863, "TRBUSDT": 0.08095555568916803}