{"SHIBUSDT": 0.0033523730491887803, "PEPEUSDT": 0.026771675458665194, "WIFUSDT": 0.09206803731791012, "VIRTUALUSDT": 0.02937666622230752, "EIGENUSDT": 0.06593646845653515, "TRBUSDT": 0.01575058282123999}