{"SHIBUSDT": 0.006942918820372106, "PEPEUSDT": 0.009026586258864168, "WIFUSDT": 0.031064756107914884, "VIRTUALUSDT": 0.0230847958935491, "EIGENUSDT": 0.0070100557599422405, "TRBUSDT": 0.012332758899612472}