{"SHIBUSDT": 0.005426227151530756, "PEPEUSDT": 0.030800194089326553, "WIFUSDT": 0.0766854811484803, "VIRTUALUSDT": 0.24463063053840164, "EIGENUSDT": 0.247252332361981, "TRBUSDT": 0.14378490022146884}