{"SHIBUSDT": 0.011787877898650868, "PEPEUSDT": 0.051058188057069326, "WIFUSDT": 0.10735119361431487, "VIRTUALUSDT": 0.05110761950628427, "EIGENUSDT": 0.05523393795216626, "TRBUSDT": 0.12398622882465168}