{"SHIBUSDT": 0.018867708916342922, "PEPEUSDT": 0.05699893442434214, "WIFUSDT": 0.10408940552934147, "VIRTUALUSDT": 0.20148838228910004, "EIGENUSDT": 0.24632554873502396, "TRBUSDT": 0.1982436249898684}