{"SHIBUSDT": 0.009832722560651572, "PEPEUSDT": 0.12630383045058138, "WIFUSDT": 0.13940899947498908, "VIRTUALUSDT": 0.03560299700916687, "EIGENUSDT": 0.03708885919798363, "TRBUSDT": 0.021037766000803305}