{"SHIBUSDT": 0.006774210059352006, "PEPEUSDT": 0.021457576927549696, "WIFUSDT": 0.023392257190284253, "VIRTUALUSDT": 0.024770712493649538, "EIGENUSDT": 0.013993446387778653, "TRBUSDT": 0.02059509459213284}