{"SHIBUSDT": 0.016680891006649996, "PEPEUSDT": 0.05209105299136739, "WIFUSDT": 0.1154717954910044, "VIRTUALUSDT": 0.05128093364084555, "EIGENUSDT": 0.056339972806900666, "TRBUSDT": 0.03398891544205935}