{"SHIBUSDT": 0.012392882554794978, "PEPEUSDT": 0.044812105711270825, "WIFUSDT": 0.09180167099178461, "VIRTUALUSDT": 0.21164728206129832, "EIGENUSDT": 0.2397026263097288, "TRBUSDT": 0.2090553893309031}