{"SHIBUSDT": 0.007218761425373918, "PEPEUSDT": 0.022862132309384716, "WIFUSDT": 0.023010795154427596, "VIRTUALUSDT": 0.0246967488542218, "EIGENUSDT": 0.011934711889047172, "TRBUSDT": 0.021806886584991053}