{"SHIBUSDT": 0.009028779509680264, "PEPEUSDT": 0.0626906152432766, "WIFUSDT": 0.013806919733487875, "VIRTUALUSDT": 0.026167001375431393, "EIGENUSDT": 0.03851177257739747, "TRBUSDT": 0.07933939128612337}