{"SHIBUSDT": 0.007199629812123477, "PEPEUSDT": 0.019328676394113918, "WIFUSDT": 0.02209694724200517, "VIRTUALUSDT": 0.027543076943294012, "EIGENUSDT": 0.014451669485883936, "TRBUSDT": 0.02229370230858721}