{"SHIBUSDT": 0.01502812346262896, "PEPEUSDT": 0.06673423718738201, "WIFUSDT": 0.16991189246666394, "VIRTUALUSDT": 0.11251649454545724, "EIGENUSDT": 0.06398960891258415, "TRBUSDT": 0.057904236273455034}