{"SHIBUSDT": 0.005853249092436944, "PEPEUSDT": 0.06745836272078441, "WIFUSDT": 0.11942370972908434, "VIRTUALUSDT": 0.016951383445198136, "EIGENUSDT": 0.08620264343453952, "TRBUSDT": 0.004322032144615096}