{"SHIBUSDT": 0.0164203404799505, "PEPEUSDT": 0.11233793903264658, "WIFUSDT": 0.1283181935201013, "VIRTUALUSDT": 0.1120433486569562, "EIGENUSDT": 0.10227628887005916, "TRBUSDT": 0.11533587271225154}