{"SHIBUSDT": 0.007421613691244753, "PEPEUSDT": 0.06888864879745017, "WIFUSDT": 0.08170965827913984, "VIRTUALUSDT": 0.022875052926570508, "EIGENUSDT": 0.022701560554490754, "TRBUSDT": 0.009800194309038359}