{"SHIBUSDT": 0.008910815574484691, "PEPEUSDT": 0.08579795553419244, "WIFUSDT": 0.022213128594059415, "VIRTUALUSDT": 0.024975851947986915, "EIGENUSDT": 0.05790638896703051, "TRBUSDT": 0.05873647418454012}