{"SHIBUSDT": 0.007778761678304558, "PEPEUSDT": 0.11471684056273035, "WIFUSDT": 0.12699928982250738, "VIRTUALUSDT": 0.03844216960151662, "EIGENUSDT": 0.03328050971606709, "TRBUSDT": 0.008875235787938803}