{"SHIBUSDT": 0.0044833452825852466, "PEPEUSDT": 0.04912851977980028, "WIFUSDT": 0.029396267571834795, "VIRTUALUSDT": 0.027004898712220317, "EIGENUSDT": 0.028893979175954845, "TRBUSDT": 0.02951940624533149}