{"SHIBUSDT": 0.013380336414621377, "PEPEUSDT": 0.018763703872151354, "WIFUSDT": 0.05184800269646844, "VIRTUALUSDT": 0.0422296647953439, "EIGENUSDT": 0.03051030546210205, "TRBUSDT": 0.1459917073513706}