{"SHIBUSDT": 0.011516279592991027, "PEPEUSDT": 0.017133020962576163, "WIFUSDT": 0.1990826193238949, "VIRTUALUSDT": 0.06647114960943645, "EIGENUSDT": 0.048132393121238855, "TRBUSDT": 0.2374860577894934}