{"SHIBUSDT": 0.010788444415683683, "PEPEUSDT": 0.01926662312576104, "WIFUSDT": 0.04334293065388192, "VIRTUALUSDT": 0.04161597593052654, "EIGENUSDT": 0.05986163005813321, "TRBUSDT": 0.04054282057100633}