{"SHIBUSDT": 0.0031332659318404122, "PEPEUSDT": 0.027008527587292833, "WIFUSDT": 0.029017897590092795, "VIRTUALUSDT": 0.051851843774714114, "EIGENUSDT": 0.010770117803096637, "TRBUSDT": 0.01966945174694781}