{"SHIBUSDT": 0.01617424556117064, "PEPEUSDT": 0.12511818509233993, "WIFUSDT": 0.20098642022938595, "VIRTUALUSDT": 0.11615810924498066, "EIGENUSDT": 0.08731209706656244, "TRBUSDT": 0.055487283684568116}