{"SHIBUSDT": 0.00819745460651955, "PEPEUSDT": 0.01985164542267551, "WIFUSDT": 0.06353153004046641, "VIRTUALUSDT": 0.042103157751077175, "EIGENUSDT": 0.0690866303152703, "TRBUSDT": 0.04977231860339081}