{"SHIBUSDT": 0.012223974378403089, "PEPEUSDT": 0.03482328947961744, "WIFUSDT": 0.09246004817864653, "VIRTUALUSDT": 0.05685924079923662, "EIGENUSDT": 0.08631181957537219, "TRBUSDT": 0.06362536823160381}