{"SHIBUSDT": 0.014490704270668205, "PEPEUSDT": 0.033282528635103344, "WIFUSDT": 0.10696305483662476, "VIRTUALUSDT": 0.04832579653065918, "EIGENUSDT": 0.05326204799663757, "TRBUSDT": 0.04839030232570046}