{"SHIBUSDT": 0.005107082915785015, "PEPEUSDT": 0.016913761786808326, "WIFUSDT": 0.18157288804072014, "VIRTUALUSDT": 0.044646770395271713, "EIGENUSDT": 0.03918399823010459, "TRBUSDT": 0.01910442166247687}