{"SHIBUSDT": 0.0019719238604751755, "PEPEUSDT": 0.02196158715593534, "WIFUSDT": 0.030052071834319467, "VIRTUALUSDT": 0.05250693363133831, "EIGENUSDT": 0.021170737525134053, "TRBUSDT": 0.013015605014530135}