{"SHIBUSDT": 0.012097685613036016, "PEPEUSDT": 0.08399955298337669, "WIFUSDT": 0.10615871804188627, "VIRTUALUSDT": 0.042575664756524516, "EIGENUSDT": 0.07197810718528878, "TRBUSDT": 0.09150707035675808}