{"SHIBUSDT": 0.006088862923079501, "PEPEUSDT": 0.023238905203898083, "WIFUSDT": 0.023392257190284253, "VIRTUALUSDT": 0.024770712493649538, "EIGENUSDT": 0.013811152695606108, "TRBUSDT": 0.02059509459213284}