{"SHIBUSDT": 0.006131725476332102, "PEPEUSDT": 0.02679052144415822, "WIFUSDT": 0.12349253890383892, "VIRTUALUSDT": 0.08193345626989047, "EIGENUSDT": 0.054454439994536544, "TRBUSDT": 0.034519555574102585}