{"SHIBUSDT": 0.004307347442759837, "PEPEUSDT": 0.038721053467795974, "WIFUSDT": 0.08985661910374643, "VIRTUALUSDT": 0.013495771492230222, "EIGENUSDT": 0.016687081395402783, "TRBUSDT": 0.004014714013236237}