{"SHIBUSDT": 0.015567690982045001, "PEPEUSDT": 0.1258831468582307, "WIFUSDT": 0.14147219729839197, "VIRTUALUSDT": 0.14328733780207487, "EIGENUSDT": 0.1493547424732346, "TRBUSDT": 0.07882349806602411}