{"SHIBUSDT": 0.003991850694392433, "PEPEUSDT": 0.01759138337902807, "WIFUSDT": 0.0776818740028113, "VIRTUALUSDT": 0.06018259267365018, "EIGENUSDT": 0.02834617485232722, "TRBUSDT": 0.04225439982199598}