{"SHIBUSDT": 0.02052333099148762, "PEPEUSDT": 0.1313988153522075, "WIFUSDT": 0.13045233237938758, "VIRTUALUSDT": 0.07342810459423886, "EIGENUSDT": 0.08430050106063239, "TRBUSDT": 0.041221504201356285}