{"SHIBUSDT": 0.0025901098351999077, "PEPEUSDT": 0.022688653890638236, "WIFUSDT": 0.04809247322699509, "VIRTUALUSDT": 0.04238868948883173, "EIGENUSDT": 0.012579277349424824, "TRBUSDT": 0.018444137047596895}