{"SHIBUSDT": 0.007748778514129848, "PEPEUSDT": 0.022360842729451803, "WIFUSDT": 0.037537880142455744, "VIRTUALUSDT": 0.06824407005819498, "EIGENUSDT": 0.049469583712888246, "TRBUSDT": 0.011693094971583384}