{"SHIBUSDT": 0.01619086382609297, "PEPEUSDT": 0.06483455175144551, "WIFUSDT": 0.11511284635335488, "VIRTUALUSDT": 0.06146497878137582, "EIGENUSDT": 0.07100138294143686, "TRBUSDT": 0.09609498984903848}