{"SHIBUSDT": 0.006088862923079501, "PEPEUSDT": 0.045873915886023756, "WIFUSDT": 0.14990530210878839, "VIRTUALUSDT": 0.10571638290785589, "EIGENUSDT": 0.1291031840726955, "TRBUSDT": 0.04082779750564123}