{"SHIBUSDT": 0.006916008597339428, "PEPEUSDT": 0.07897830641658452, "WIFUSDT": 0.08197791300281905, "VIRTUALUSDT": 0.040447114843165814, "EIGENUSDT": 0.025013601331825536, "TRBUSDT": 0.009358728325443207}