{"SHIBUSDT": 0.015182686218251855, "PEPEUSDT": 0.13224914881736757, "WIFUSDT": 0.19789570022753367, "VIRTUALUSDT": 0.12590000026888104, "EIGENUSDT": 0.08434945511789939, "TRBUSDT": 0.0640589304301305}