{"SHIBUSDT": 0.008336587346049635, "PEPEUSDT": 0.03222931833066096, "WIFUSDT": 0.04957207322062747, "VIRTUALUSDT": 0.05380183667676396, "EIGENUSDT": 0.027934528556268733, "TRBUSDT": 0.026934158781885813}