{"SHIBUSDT": 0.021831604057591616, "PEPEUSDT": 0.05359402676312668, "WIFUSDT": 0.06621270698443031, "VIRTUALUSDT": 0.08996288116740626, "EIGENUSDT": 0.032415227220318546, "TRBUSDT": 0.021378504982404043}