{"SHIBUSDT": 0.0061841353450887825, "PEPEUSDT": 0.026723184850213084, "WIFUSDT": 0.03166858527191041, "VIRTUALUSDT": 0.00943346451214606, "EIGENUSDT": 0.01090485263746823, "TRBUSDT": 0.02486488321685513}