{"SHIBUSDT": 0.01145224637343052, "PEPEUSDT": 0.05301102247991377, "WIFUSDT": 0.0698434786511759, "VIRTUALUSDT": 0.08389175514305171, "EIGENUSDT": 0.05207392842520135, "TRBUSDT": 0.01950559280940616}