{"SHIBUSDT": 0.00797548926758004, "PEPEUSDT": 0.023824768036006097, "WIFUSDT": 0.04274368228859089, "VIRTUALUSDT": 0.029315842482676754, "EIGENUSDT": 0.023959310149372446, "TRBUSDT": 0.017570827154004254}