{"SHIBUSDT": 0.026656895637276478, "PEPEUSDT": 0.03246815475353091, "WIFUSDT": 0.1457678984094998, "VIRTUALUSDT": 0.11301229721326017, "EIGENUSDT": 0.10199136759050949, "TRBUSDT": 0.24179923360570624}