{"SHIBUSDT": 0.01126075874099527, "PEPEUSDT": 0.08453226392619008, "WIFUSDT": 0.15580198802467007, "VIRTUALUSDT": 0.02575182982527254, "EIGENUSDT": 0.11979575403961992, "TRBUSDT": 0.03716347101189949}