{"SHIBUSDT": 0.004055488868257041, "PEPEUSDT": 0.008623705798944855, "WIFUSDT": 0.03557038898923341, "VIRTUALUSDT": 0.05024491005665873, "EIGENUSDT": 0.013473481901352526, "TRBUSDT": 0.026860712573236935}