{"SHIBUSDT": 0.003313096256639608, "PEPEUSDT": 0.011714441165504666, "WIFUSDT": 0.034361348228215155, "VIRTUALUSDT": 0.014116018979820233, "EIGENUSDT": 0.013708032463424755, "TRBUSDT": 0.023537883966978725}