{"SHIBUSDT": 0.010725856456434193, "PEPEUSDT": 0.06200648115430107, "WIFUSDT": 0.03378895764644439, "VIRTUALUSDT": 0.027450566530249795, "EIGENUSDT": 0.04399892887512723, "TRBUSDT": 0.07114284839482876}