{"SHIBUSDT": 0.01384494514638785, "PEPEUSDT": 0.05113356588768721, "WIFUSDT": 0.06269158032366862, "VIRTUALUSDT": 0.01512723818853612, "EIGENUSDT": 0.10494756449961294, "TRBUSDT": 0.02701244667295487}