{"SHIBUSDT": 0.005198396022921626, "PEPEUSDT": 0.030843598778562156, "WIFUSDT": 0.08253094134547129}