{"SHIBUSDT": 0.008335891574923615, "PEPEUSDT": 0.018211131931934764, "WIFUSDT": 0.0931263045963609, "VIRTUALUSDT": 0.061110140967784506, "EIGENUSDT": 0.030539142794632223, "TRBUSDT": 0.04265189535093058}