{"SHIBUSDT": 0.006072766247490709, "PEPEUSDT": 0.02649189270950241, "WIFUSDT": 0.059042911692503044, "VIRTUALUSDT": 0.01583085517487339, "EIGENUSDT": 0.028763690066477693, "TRBUSDT": 0.17060042373869316}