{"SHIBUSDT": 0.007221006577402175, "PEPEUSDT": 0.09843281075263828, "WIFUSDT": 0.10942307578771206, "VIRTUALUSDT": 0.04396530848552292, "EIGENUSDT": 0.030787789940022268, "TRBUSDT": 0.012133919265770609}