{"SHIBUSDT": 0.004276312518488963, "PEPEUSDT": 0.012794940900601785, "WIFUSDT": 0.03935257764148113, "VIRTUALUSDT": 0.023868362597774858, "EIGENUSDT": 0.024159425097018586, "TRBUSDT": 0.03651188351836961}