{"SHIBUSDT": 0.0072376799824001034, "PEPEUSDT": 0.01355611468354349, "WIFUSDT": 0.0466927314897889, "VIRTUALUSDT": 0.018357531148498838, "EIGENUSDT": 0.023370278855430183, "TRBUSDT": 0.14802382608355658}