{"SHIBUSDT": 0.008532152403828696, "PEPEUSDT": 0.02487243226385485, "WIFUSDT": 0.021306738913256348, "VIRTUALUSDT": 0.04133994481529752, "EIGENUSDT": 0.01602530880274333, "TRBUSDT": 0.01297488531666424}