{"SHIBUSDT": 0.003297716818354841, "PEPEUSDT": 0.028505607455773078, "WIFUSDT": 0.1239953578388774, "VIRTUALUSDT": 0.023907397172804518, "EIGENUSDT": 0.06281955992059281, "TRBUSDT": 0.017252977948269365}