{"SHIBUSDT": 0.016977640395128103, "PEPEUSDT": 0.05204650785597031, "WIFUSDT": 0.06622462861891164, "VIRTUALUSDT": 0.07158978064641021, "EIGENUSDT": 0.04968855648508779, "TRBUSDT": 0.1986306429112741}