{"SHIBUSDT": 0.007241631233198113, "PEPEUSDT": 0.053681738323055936, "WIFUSDT": 0.1390950351658659, "VIRTUALUSDT": 0.05584687252963664, "EIGENUSDT": 0.03256129348738749, "TRBUSDT": 0.03877487339297614}