{"SHIBUSDT": 0.004123542415979462, "PEPEUSDT": 0.013523032349142487, "WIFUSDT": 0.08871295587754821, "VIRTUALUSDT": 0.015289029632132824, "EIGENUSDT": 0.021845822587357514, "TRBUSDT": 0.012493013900724577}