{"SHIBUSDT": 0.02394397402174797, "PEPEUSDT": 0.09984330559866728, "WIFUSDT": 0.1257691873487505, "VIRTUALUSDT": 0.0648426464602648, "EIGENUSDT": 0.09507479579502365, "TRBUSDT": 0.04269319390461176}