{"SHIBUSDT": 0.007045744170571792, "PEPEUSDT": 0.03163676082155095, "WIFUSDT": 0.09003074738272171, "VIRTUALUSDT": 0.04361473916798562, "EIGENUSDT": 0.08926312701863022, "TRBUSDT": 0.05349100164506935}