{"SHIBUSDT": 0.014120247287945725, "PEPEUSDT": 0.03083711512024397, "WIFUSDT": 0.14317287398618686, "VIRTUALUSDT": 0.05785761530859685, "EIGENUSDT": 0.15146667500848218, "TRBUSDT": 0.23189739698331696}