{"SHIBUSDT": 0.020178381935519716, "PEPEUSDT": 0.08907878555270847, "WIFUSDT": 0.09829995210711567, "VIRTUALUSDT": 0.04159296878784947, "EIGENUSDT": 0.1272316900349699, "TRBUSDT": 0.08444445674696277}