{"SHIBUSDT": 0.004024500301558364, "PEPEUSDT": 0.01347867447948372, "WIFUSDT": 0.09543636870638567, "VIRTUALUSDT": 0.012845743339670694, "EIGENUSDT": 0.020862033345601723, "TRBUSDT": 0.010666138411171833}