{"SHIBUSDT": 0.008668190440177477, "PEPEUSDT": 0.059455730885971975, "WIFUSDT": 0.07292312467831301, "VIRTUALUSDT": 0.2115531324342462, "EIGENUSDT": 0.26330801341717847, "TRBUSDT": 0.18797800432853018}