{"SHIBUSDT": 0.01888422216138145, "PEPEUSDT": 0.06700647022337723, "WIFUSDT": 0.10906854432293621, "VIRTUALUSDT": 0.05492057374568575, "EIGENUSDT": 0.051495874272265166, "TRBUSDT": 0.056935563124141574}