{"SHIBUSDT": 0.009870265832168287, "PEPEUSDT": 0.04782170090076128, "WIFUSDT": 0.07787858788778404, "VIRTUALUSDT": 0.032503903019376695, "EIGENUSDT": 0.042449427517266686, "TRBUSDT": 0.03911114363944372}