{"SHIBUSDT": 0.002529482106450389, "PEPEUSDT": 0.03661225162703503, "WIFUSDT": 0.06081571237141708}