{"SHIBUSDT": 0.0033394454372880243, "PEPEUSDT": 0.025937272988950696, "WIFUSDT": 0.11724270349418926, "VIRTUALUSDT": 0.00952260247753926, "EIGENUSDT": 0.027600931020728373, "TRBUSDT": 0.012899034640844168}