{"SHIBUSDT": 0.005731464483464167, "PEPEUSDT": 0.021148983913091814, "WIFUSDT": 0.06910392025747307, "VIRTUALUSDT": 0.06270830816423172, "EIGENUSDT": 0.029189616957842914, "TRBUSDT": 0.01445743478467807}