{"SHIBUSDT": 0.008986339524974346, "PEPEUSDT": 0.05589748217222465, "WIFUSDT": 0.11601730028969748, "VIRTUALUSDT": 0.04280141217512512, "EIGENUSDT": 0.03665910494414048, "TRBUSDT": 0.03967598462569525}