{"SHIBUSDT": 0.02496576734399762, "PEPEUSDT": 0.07377041024166738, "WIFUSDT": 0.14081463078298953, "VIRTUALUSDT": 0.07179157705511162, "EIGENUSDT": 0.04989713742338832, "TRBUSDT": 0.05370095415265676}