{"SHIBUSDT": 0.003468365616757474, "PEPEUSDT": 0.03462891198770928, "WIFUSDT": 0.04094476430183653, "VIRTUALUSDT": 0.025279442994884858, "EIGENUSDT": 0.023993351978686163, "TRBUSDT": 0.01954017149752006}