{"SHIBUSDT": 0.013145339710225759, "PEPEUSDT": 0.04439952552838385, "WIFUSDT": 0.13654447299626898, "VIRTUALUSDT": 0.1449069075417676, "EIGENUSDT": 0.20418421697388428, "TRBUSDT": 0.07240931925836631}