{"SHIBUSDT": 0.004534407232952678, "PEPEUSDT": 0.02311001619200526, "WIFUSDT": 0.061103194565565275, "VIRTUALUSDT": 0.07176774779544322, "EIGENUSDT": 0.024750464874032537, "TRBUSDT": 0.04143833578855061}