{"SHIBUSDT": 0.009423832362586232, "PEPEUSDT": 0.04955054212606469, "WIFUSDT": 0.10707257351304399, "VIRTUALUSDT": 0.030341385855968447, "EIGENUSDT": 0.050562438067657846, "TRBUSDT": 0.027645582123259432}