{"SHIBUSDT": 0.009945081793475825, "PEPEUSDT": 0.026680887250335326, "WIFUSDT": 0.028539963938362597, "VIRTUALUSDT": 0.019388459580563146, "EIGENUSDT": 0.03854307500134468, "TRBUSDT": 0.06966929713799169}