{"SHIBUSDT": 0.009082765549016778, "PEPEUSDT": 0.026135113783928996, "WIFUSDT": 0.02810795092654459, "VIRTUALUSDT": 0.016211107435268032, "EIGENUSDT": 0.019427048948334646, "TRBUSDT": 0.06423225646191741}