{"SHIBUSDT": 0.01734238281633291, "PEPEUSDT": 0.07650183040237896, "WIFUSDT": 0.10922622026247755, "VIRTUALUSDT": 0.19542563138149685, "EIGENUSDT": 0.2553705631274836, "TRBUSDT": 0.1750020820367804}