{"SHIBUSDT": 0.002833352268011669, "PEPEUSDT": 0.013069500882088792, "WIFUSDT": 0.12255283913606267, "VIRTUALUSDT": 0.08505808171719799, "EIGENUSDT": 0.07478584596864257, "TRBUSDT": 0.02756099507047234}