{"SHIBUSDT": 0.0028119657354261232, "PEPEUSDT": 0.017929511751719397, "WIFUSDT": 0.06095784019058332, "VIRTUALUSDT": 0.038796454797246804, "EIGENUSDT": 0.014312471650635315, "TRBUSDT": 0.019733907271918354}