{"SANDUSDT": 0.01115028720605859, "MANAUSDT": 0.014636419133973764, "AXSUSDT": 0.006903410294201028, "ENJUSDT": 0.025962248139456884, "CHZUSDT": 0.003142853002205704, "THETAUSDT": 0.08838260522228154, "FETUSDT": 0.06267066355677481, "WLDUSDT": 0.12355530475843352, "TAOUSDT": 0.05645173188334684, "GALAUSDT": 0.05315159947819265, "LDOUSDT": 0.036171791777103425, "TIAUSDT": 0.037646784354706815, "LPTUSDT": 0.1731533479248698, "ENAUSDT": 0.1179562670503173, "BATUSDT": 0.08455966073535427, "RVNUSDT": 0.3230056072381252, "ZECUSDT": 0.058670114699662136, "ZILUSDT": 0.02029274936397156, "DOGEUSDT": 0.00557998125427746, "TRUMPUSDT": 0.03378992029847698, "SHIBUSDT": 0.061830433964501816, "PEPEUSDT": 0.07795768300507507, "WIFUSDT": 0.12271335569518851, "VIRTUALUSDT": 0.1504246641063703, "EIGENUSDT": 0.056157116966922736, "TRBUSDT": 0.08142574517572412}