{"SHIBUSDT": 0.0065061632109531305, "PEPEUSDT": 0.02249153684009604, "WIFUSDT": 0.05592525239530992, "VIRTUALUSDT": 0.016107867857537563, "EIGENUSDT": 0.02687723948978691, "TRBUSDT": 0.05822036893131212}